{
  "title": "Types of Sports Betting Explained: Your Complete Guide",
  "overview": [
    {
      "heading": "Best Sports Betting Bonuses in 2025",
      "data": "Claiming a sports betting bonus in 2025 is a smart way to enhance your bankroll and explore a new sportsbook without taking on too much financial risk. Whether you're a first-time user or a loyal bettor, bonuses can offer more chances to win while allowing sportsbooks to attract and retain players in a highly competitive market."
    },
    {
      "heading": "What Are Sports Betting Bonuses?",
      "data": "Sports betting bonuses are promotional offers from sportsbooks designed to boost your betting budget. These bonuses come in various forms—some reward new users for signing up, while others are aimed at existing users to encourage continued play. The main goal is to provide more value, allowing bettors to explore different markets and potentially increase their winnings.\nWhile the benefits are clear, all bonuses come with terms and conditions such as wagering requirements, expiry dates, or minimum odds restrictions. Understanding how these bonuses work is essential before opting in."
    },
    {
      "heading": "Most Popular Sports Betting Bonuses in 2025",
      "data": "1. Welcome Bonuses\nWelcome bonuses are exclusive offers for new users who sign up and make their first deposit. Typically offered as:\n● Deposit Match Bonus – The sportsbook matches a percentage of your first deposit.\n● Free Bets – You get a free stake upon meeting specific conditions.\nAlways check for rollover requirements, bonus caps, and minimum deposits.\n2. Risk-Free Bets (Second Chance Bets)\nThese give you a safety net. If your first bet loses, the sportsbook refunds your stake in the form of bonus funds or a free bet. While advertised as risk-free, the first bet does involve real money, so it's more accurate to call it a second-chance opportunity.\n3. No Deposit Bonuses\nRare but valuable, these allow you to bet without depositing any money. Often offered as a sign-up incentive, no deposit bonuses are usually smaller and come with tighter terms such as high wagering requirements or low maximum withdrawal limits.\n4. Parlay Insurance\nIdeal for fans of multi-leg bets, parlay insurance returns your stake if one selection in your parlay loses. This bonus adds a layer of security and encourages bettors to keep playing accumulators even after a near-miss.\n5. Boosted Odds\nAlso called enhanced odds, this promotion raises the payout on specific bets—usually tied to major events. These boosted offers often have a maximum stake limit and might pay the enhanced portion in free bets.\n6. Reload Bonuses\nReload bonuses are recurring promotions for existing users. A typical reload bonus might be:\n● 25% bonus on deposits every weekend\n● 50% bonus on midweek deposits\nThey help loyal bettors get more value on their deposits regularly.\n7. Deposit Match Bonus\nSimilar to welcome bonuses but also used for existing players, deposit match bonuses reward you with additional funds based on the size of your deposit. For example:\n● 100% match up to €100 means a €100 deposit gives you €200 to play with.\nThese usually require a set number of wagers (playthroughs) before withdrawals are permitted."
    },
    {
      "heading": "How to Claim a Betting Bonus in 2025",
      "data": "Claiming a bonus has never been easier, but you must follow the right steps to ensure eligibility:\n1. Choose a licensed sportsbook with a solid reputation and verified bonus offers.\n2. Register and verify your account.\n3. Review the bonus details — including eligibility, playthrough requirements, and expiry.\n4. Make your first deposit (if required) and follow the sportsbook's instructions.\n5. Activate the bonus manually, if needed (some require opt-in).\n6. Place your qualifying bets based on the terms provided.\nOnce you’ve met the terms, you can enjoy your bonus winnings or move on to other offers the site may provide."
    },
    {
      "heading": "Common Bonus Terms and Conditions",
      "data": "Playthrough/Wagering Requirements\nThese indicate how many times you must wager the bonus amount before it becomes withdrawable. For example:\n● A 20x requirement on a €50 bonus means you must wager €1,000.\nMinimum Odds\nOnly bets placed on selections with minimum odds (e.g., 1.50 or higher) count toward the wagering requirement.\nBonus Expiry\nMost bonuses are valid for a limited time (e.g., 7 or 30 days). If you don’t meet the conditions within that time, the bonus may be voided.\nWithdrawal Limits\nSome bonuses come with maximum cash-out limits (e.g., €200 from a no-deposit bonus). Be sure to verify this before starting."
    },
    {
      "heading": "Why Do Sportsbooks Offer Promotions?",
      "data": "With hundreds of sportsbooks competing for players, offering generous promotions is one of the most effective ways to:\n● Attract new bettors\n● Encourage regular play\n● Retain loyal customers\n● Stand out during major events\nPromotions are especially important in regions with strict advertising laws, where creative bonuses become the key way to capture market attention."
    },
    {
      "heading": "Final Thoughts",
      "data": "Sports betting bonuses in 2025 are diverse, competitive, and often tailored to specific user preferences. Whether you’re a beginner looking for a risk-free entry or a seasoned player seeking reloads and parlay perks, there's a bonus out there for you.\nBefore claiming, always:\n● Read the terms and conditions carefully.\n● Understand wagering requirements.\n● Verify the sportsbook’s legitimacy.\nA well-chosen bonus can extend your play, give you more chances to win, and help you get the best value from your sports betting experience.\nWould you like a comparison chart of the top 10 sports betting bonuses currently available? Or would you like this rewritten for use on your website/blog in a specific tone or format (e.g., FAQ, landing page, PDF guide)?"
    }
  ]
}