{
  "title": "Types of Sports Betting Explained: Your Complete Guide",
  "overview": [
    {
      "heading": "What Is a Free Bet? Full Guide for 2025",
      "data": "A free bet is a promotional offer from a sportsbook that allows you to place a wager without using your own money. Free bets are often awarded as part of a welcome package, loyalty reward, or specific promotion and are used to attract new users or reward existing ones.\nWhile the term free sounds straightforward, not all free bets are created equal. They come with different terms, expiry dates, minimum odds, and wagering requirements that affect how you use them and whether you can withdraw any winnings."
    },
    {
      "heading": "How Free Bets Work",
      "data": "Unlike regular bets, where you use your own deposited funds, free bets are placed using money provided by the sportsbook. This means you’re not risking your own balance, but you must still follow a set of rules to use the offer correctly and potentially convert it into real money.\nKey Terms You Should Know\n● Minimum odds: Most free bets require you to place your wager on odds above a specific threshold (e.g. 1.5 or 2.0).\n● Expiry date: Free bets typically expire within 3 to 30 days.\n● Bet type or event restrictions: Some offers are limited to certain markets or events (e.g. Champions League games).\n● Stake not returned (SNR): When your free bet wins, you only get the profit—not the stake.\n● Wagering requirements: Sometimes, you must bet your winnings several times before withdrawal is allowed."
    },
    {
      "heading": "Different Types of Free Bets",
      "data": "1. Matched Free Bet\nWhen you place a qualifying bet (usually on a specific market or event), the sportsbook rewards you with a free bet of the same value. For example:\n“Bet £10 on Tuesday and get a £10 free bet on Wednesday.”\n2. Matched Deposit Bonus\nHere, the bookmaker matches your deposit (e.g., 100% match up to £50), giving you extra funds to bet with. This type of bonus often comes with lower restrictions than fixed-stake free bets.\n3. No Deposit Free Bets\nThese are the most attractive offers, especially for new users. No need to deposit—just register and receive a free bet. These usually have higher wagering requirements and lower withdrawal limits but offer true \"free play\" opportunities.\n4. Enhanced Odds Bonus\nBoosted odds promos increase your potential winnings on select bets. While not technically free bets, they often come with similar terms, such as max stake limits and winnings paid in free bet credits.\n5. Stake Not Returned Bets (SNR)\nIf you win using your free bet, the stake is not included in your returns. Example:\nFree Bet: £10 at 2.0 odds → Return = £10 profit (not £20)."
    },
    {
      "heading": "Typical Free Bet Conditions",
      "data": "Here are the most common terms attached to free bet offers:\n● Use-by deadline: Most expire in 7–30 days.\n● Minimum odds: You may need to bet on selections of 1.5+ or 2.0+.\n● Event limitations: May only be valid for certain sports or leagues.\n● Market type: Some are restricted to Bet Builders, accumulators, or specific outcomes (e.g. First Goalscorer).\n● Wagering requirement: You may need to bet your winnings 1–5x before you can withdraw."
    },
    {
      "heading": "Real-World Example",
      "data": "You receive a £10 free bet from a bookmaker and place it on a football game at odds of 2.0.\n● If the bet wins, you get £10 in profit (not £20).\n● You don’t get the £10 stake back.\n● If the promotion has a 3x wagering requirement, you must wager £30 more before withdrawing."
    },
    {
      "heading": "Benefits of Free Bets",
      "data": "✅ For Bettors\n● Risk-free way to try a sportsbook\n● Allows testing of new bet types or sports\n● Can help recover from losses\n● Encourages exploration of new markets\n✅ For Sportsbooks\n● Attracts new customers\n● Reactivates inactive users\n● Promotes specific events or betting features"
    },
    {
      "heading": "Pro Tips: Getting the Most from Free Bets",
      "data": "1. Always read the fine print – Know the expiry, minimum odds, and eligible events.\n2. Look for no-deposit offers – They offer the best risk-free value.\n3. Use them wisely – Target bets with good potential returns, not short odds.\n4. Track wagering progress – If there's a rollover requirement, keep tabs on it."
    },
    {
      "heading": "Final Thoughts: Are Free Bets Worth It?",
      "data": "Yes—free bets remain one of the most valuable tools for both novice and experienced bettors in 2025. When used smartly, they allow you to place real bets without risking your own money, explore new sports or strategies, and even walk away with real profits.\nJust make sure you:\n● Claim offers from reputable, licensed sportsbooks,\n● Understand the bonus terms before opting in,\n● And use your free bet before it expires.\nUsed correctly, a free bet could be the start of your next big win."
    }
  ]
}