{
  "title": "Types of Sports Betting Explained: Your Complete Guide",
  "overview": [
    {
      "heading": "What Is a New Betting Site?",
      "data": "A new betting site refers to a recently launched sportsbook or one that is newly added and reviewed on the AskGamblers platform. While some may be brand-new to the industry, others may be established bookmakers that are new to our website or user base. You can easily filter these sites by ranking, user feedback, payment methods, or complaint history, helping you quickly find the newest and most suitable sportsbook based on your preferences."
    },
    {
      "heading": "✅ How We Evaluate New Sports Betting Sites",
      "data": "Before appearing on our platform, every new sportsbook undergoes a rigorous review process by our expert team. We evaluate several key factors:\n\n✔️ Licensing & regulatory compliance\n🔒 Security protocols and data protection\n💳 Payment methods and transaction speed\n🎁 Bonus offers for new and existing users\n📈 Quality of odds and betting markets\n🧩 User interface and mobile performance\n🤝 Customer service reliability\n📢 Player complaints and reputation management\n\nEven without many player reviews initially, a new betting site must prove its trustworthiness, fairness, and features to secure its listing."
    },
    {
      "heading": "🔐 Security and Trust: Non-Negotiable Standards",
      "data": "A valid license is the first sign of credibility. All top-rated new sportsbooks on our site are licensed by recognized authorities (e.g., UKGC, MGA, Curaçao).\n\nWe also check for:\n✅ SSL encryption and firewall protection\n✅ eCOGRA or iTech Labs certifications\n✅ Responsible gambling tools (self-exclusion, limits)\n✅ Transparent T&Cs and data handling policies\n\nSites lacking these protections do not make it to our list."
    },
    {
      "heading": "💡 Key Features of a Good New Sportsbook",
      "data": "To stand out in a competitive market, new betting sites must offer a compelling feature set:\n\n🎁 Bonuses & Promotions\n- Welcome bonuses with fair wagering terms\n- Ongoing reloads, free bets, or cashback offers\n- Loyalty rewards and VIP schemes\n\n⚽ Sports Coverage & Markets\n- Popular leagues: EPL, NBA, UFC, IPL, and more\n- Local/regional events often overlooked by bigger brands\n- Wide market selection: moneylines, spreads, totals, props\n\n💰 Payments & Withdrawals\n- Multiple deposit options (Visa, Skrill, Neteller, crypto)\n- Low minimum deposit & fast processing times\n- Quick and hassle-free withdrawals\n\n🛠 Betting Tools & Odds\n- Competitive odds, bet builders, and accumulator options\n- Live betting with real-time stats and cash-out\n- Early payout on certain markets (e.g., 2-goal lead in football)"
    },
    {
      "heading": "📣 Reputation and Real-User Feedback",
      "data": "Early feedback is often limited for new sites, but we continuously update ratings through:\n- Algorithmic monitoring of user activity and complaints\n- Player reviews and complaints filed on AskGamblers\n- Third-party sources like Trustpilot\n\nThis dynamic system ensures each site’s rating reflects the latest user sentiment."
    },
    {
      "heading": "📞 Customer Support: A Sign of Professionalism",
      "data": "Reliable support is essential, especially for newer platforms. We expect:\n- 🟢 Live chat support (available 24/7 or at peak hours)\n- 📧 Email support for more complex issues\n- ❓ Help centers or FAQs to solve common concerns\n\nSites with poor or unavailable customer service receive lower ratings."
    },
    {
      "heading": "🎯 Why Try a New Betting Site?",
      "data": "Even if you’re loyal to one bookmaker, exploring new sportsbooks can be highly rewarding:\n\n✨ Better Promotions\nNew operators often offer bigger welcome bonuses and innovative offers to attract users.\n\n📈 More Competitive Odds\nSmaller sportsbooks tend to undercut larger brands with slightly better odds to gain market share.\n\n🧾 More Market Options\nExpect newer betting sites to be flexible with market offerings, including niche sports, local leagues, and exotic bet types.\n\n💳 Flexible Banking\nNew sites typically integrate faster, modern payment methods for instant deposits and quick withdrawals."
    },
    {
      "heading": "🧭 How to Choose the Right New Sportsbook",
      "data": "With many new betting platforms popping up regularly, making a choice can be tough. Here’s a quick checklist:\n\n🔍 Check the Licence\nEnsure it’s regulated by a reputable gaming authority (UKGC, MGA, Curaçao, etc.).\n\n🛡 Review Security Measures\nLook for SSL encryption, verification badges, and a responsible gambling policy.\n\n📃 Read the Terms & Conditions\nDon’t ignore them. Focus especially on bonus wagering, withdrawal rules, and game exclusions.\n\n👥 Read Player Reviews\nCheck AskGamblers and Trustpilot to see how real players rate their experience.\n\n🎁 Compare Bonuses & Offers\nLook for low minimum deposits, generous match percentages, and fair wagering requirements."
    },
    {
      "heading": "🔍 Why Use AskGamblers to Find New Sports Betting Sites?",
      "data": "We make your decision easier by:\n- 💼 Reviewing each new sportsbook in detail\n- 🥇 Highlighting top offers and promotions\n- 🧠 Providing expert insights and user reviews\n- ⚖️ Regularly updating rankings based on feedback\n- 🛡 Ensuring all listed sites are licensed and secure"
    },
    {
      "heading": "📌 Final Thoughts",
      "data": "Choosing a new sportsbook can unlock exciting rewards, better odds, and a fresh betting experience. But always stay informed and cautious. Read expert reviews, verify licenses, and compare key features before registering.\n\nCheck back regularly as we update our Best New Betting Sites list with new brands, welcome bonuses, and player feedback."
    }
  ]
}