{
    "title": "Online Sports Betting: Offers, Tips & Top Sites",
    "overview": [
      {
        "heading": "✅ Best Sports Betting Offers in One Place",
        "data": "Looking for new sportsbooks or just interested in claiming the latest betting offers? No need to browse the web endlessly—we've gathered the best sports betting promotions and trustworthy sites in one place. From generous welcome bonuses to weekly cashback and odds boosts, these offers are vetted by experts and listed only after meeting our quality standards. Use them to get started with enhanced value and an extra dose of excitement."
      },{
        "heading": "💡 Advantages of Online Sports Betting",
        "data": "Online betting platforms have revolutionized sports wagering. Here's why players prefer them over traditional, land-based sportsbooks:\n🎁 Welcome bonuses and ongoing promotions\n💸 Faster payouts and seamless withdrawals\n📲 Mobile access and live, in-play betting\n💼 Easy bet tracking and updated odds\n🔁 Cash-out features and bet customization tools\n🔍 Access to stats and insights for informed betting."
      },{
        "heading": "🎯 How to Start Sports Betting Online",
        "data": "1. Choose a trusted sportsbook (check for country restrictions and licenses)\n2. Sign up & claim your bonus (enter promo codes if required)\n3. Pick your sport & market\n4. Add bets to your slip and review odds\n5. Enter your stake & confirm\n6. Track your bets (pre-game or live/in-play)"
      },{
        "heading": "⚙️ Common Sports Bet Types",
        "data": "Understanding the different types of sports bets is essential for every bettor. Here's a quick rundown:\n➤ Straight Bet / Single Bet: Bet on the outcome of a single match or event (e.g., winner, draw).\n➤ System Bet: Combines multiple bets in a way that allows partial winnings even if not all selections are correct.\n➤ Parlay / Accumulator Bet: Bundles multiple bets into one. All must win for a payout, but the combined odds can lead to big rewards.\n➤ Moneyline: Betting on who wins — simple and widely used, especially in US sports.\n➤ Point Spread (Spread Betting): Bet on a team to win within a point margin — commonly used in basketball and football.\n➤ Totals (Over/Under): Bet whether the combined score will be over or under a line set by the sportsbook.\n➤ Teasers & Pleasers: Adjust point spreads for adjusted odds — teasers lower risk, pleasers increase payout potential."
      },{
        "heading": "⭐ Popular Bookie Features to Look For",
        "data": "The best sportsbooks offer advanced tools to improve your betting experience:\n🔴 Live Betting & Streaming – Bet as the action unfolds\n💰 Cash Out – Exit a bet early and secure partial winnings\n🛠 Bet Builder – Combine markets from a single match\n🧾 Acca Insurance – Get a refund if one leg of your multi-bet fails\n📈 Stats & Insights – Access real-time data for smarter decisions\n⏩ Early Payouts – Get paid when your team leads by a wide margin."
      },{
        "heading": "💳 Payment Methods at Sportsbooks",
        "data": "Reliable online sportsbooks support a range of deposit & withdrawal options:\n💳 Credit/Debit Cards: Visa, Mastercard\n🧾 Prepaid Cards: Paysafecard\n💼 E-wallets: PayPal, Skrill, Neteller, Apple Pay, Google Pay\n🪙 Cryptocurrency: Bitcoin, Ethereum (on supported sites)\nAlways check minimum deposits, withdrawal limits, and processing times before signing up."
      },{
        "heading": "🏀 Popular Sports to Bet On",
        "data": "Choose from a wide range of sports and markets, including:\n⚽ Football (Soccer) – Premier League, La Liga, Champions League\n🏀 Basketball – NBA, EuroLeague, national leagues\n🎾 Tennis – Grand Slams, ATP, WTA\n🏏 Cricket – T20, Test, and major international events\n🏇 Horse Racing – UK, US, and international tracks\n🏈 American Football – NFL, NCAA\n🏒 Ice Hockey – NHL, European leagues\n🎮 Esports – CS:GO, Dota 2, League of Legends\nFor sport-specific recommendations, check out:\n🏀 [Best Basketball Betting Sites]\n🏏 [Best Cricket Betting Sites]\n⚽ [Football Betting Sites]\n🥅 [Ice Hockey Betting Sites]\n🎾 [Tennis Betting Sites]\n🏌 [Golf Betting Sites]\n🏇 [Horse Racing Betting Sites]"
      },{
        "heading": "🕵 How to Choose the Best Betting Site",
        "data": "Consider these factors when selecting a sportsbook:\n✅ Valid license (UKGC, MGA, etc.)\n🎁 Competitive welcome and reload offers\n⚽ Sports & markets variety\n📲 Mobile-friendliness and app quality\n🔒 Secure and diverse payment methods\n💸 Fast withdrawals\n🔍 Odds comparison with rivals\n🎥 Live streaming and in-play features\n🤝 Responsive customer support\nRead player reviews, expert ratings, and check the sportsbook's transparency before committing."
      },{
        "heading": "�� How We Rate Sportsbooks",
        "data": "Each site listed is thoroughly reviewed by our experts based on:\nBonus fairness and terms\nOdds value and sport coverage\nApp experience & mobile access\nDeposit/withdrawal options\nCustomer support and responsiveness\nFeatures: Cash out, Bet Builder, Live Streaming\nResponsible gambling tools\nVerified player reviews\nOur unbiased ratings and detailed reviews help you make confident decisions."
      }
    ]
}