{
    "title": "Certified Casinos: Complete Guide",
    "overview": [
      {
        "heading": "Certified & Trusted Online Casinos – Your Safest Bet",
        "data": "Every so often, a standout online casino rises above the competition—and that’s where our Certified Trust Badge comes in. We've created this certification to spotlight the most reliable and transparent casinos, so players like you can confidently choose where to play. On this page, you'll find only those platforms that have earned our Trusted Casino Seal, awarded after passing a strict quality assurance process. In an industry as competitive as online gambling, not every casino can be trusted. That’s why we go the extra mile to vet and endorse only those that maintain consistent performance, player satisfaction, and security excellence."
      },
      {
        "heading": "What Makes a Casino “Trusted”?",
        "data": "The Trusted Casino Badge isn't handed out lightly. We evaluate every operator across multiple criteria, putting the player experience first. If a casino doesn’t meet our standards, it doesn’t make this list—simple as that. When you see a Certified Badge next to a casino name, you can rest assured it checks all of the following:\n● 🎯 Minimum Trust Score of 8.0\n● 📝 Flawless track record with our Player Complaint System\n● 💸 Fast & reliable withdrawals\n● 🎰 Proven fair play with RNG and game audits\n● 📜 Licensed by a reputable authority (e.g., MGA, UKGC, AGCO)\n● 🧾 AML & transparent fund management policies\n● 🔐 Commitment to responsible gambling\n● 🕒 Minimum 6-month performance history without major issues\n● 🌍 Positive reputation across global casino forums and databases"
      },
      {
        "heading": "Why the Trusted Badge Matters to You",
        "data": "Unlike generic review sites, we hold our Certified Casinos to continuous inspection. Trust isn't given—it's maintained. Every operator on this list must prove themselves consistently, and failure to do so results in the removal of certification.\n✅ Play with peace of mind\n✅ Transparent policies and fair treatment\n✅ Priority support via our complaint resolution service\n✅ Quick payouts and real-time issue tracking\n✅ Verified data protection and encryption measures"
      },
      {
        "heading": "What Happens if a Casino No Longer Qualifies?",
        "data": "We regularly audit our list of Certified Casinos. If any operator fails to uphold the expected standards, we:\n● Notify the casino of the issue\n● Provide a 60-day window for resolution\n● Suspend or remove their Trusted Badge if not resolved\n● Update their casino page accordingly for public transparency\nThis ensures that only the best and most consistent casinos remain certified."
      },
      {
        "heading": "What if a Casino Isn’t Listed as Certified?",
        "data": "If you’ve found a casino that isn’t on this list, it doesn’t automatically mean it’s unsafe—it might be too new, under review, or simply hasn’t applied for certification. However, before playing, we highly recommend checking:\n● 📄 License validity\n● 🔎 Player reviews and complaints history\n● 💬 Live support responsiveness\n● 💵 Payment methods & withdrawal policy\n● 🔐 Data encryption standards\nBy doing so, you’ll greatly reduce the risk of encountering rogue or untrustworthy operators."
      },
      {
        "heading": "How Safe Are Online Casinos in General?",
        "data": "Most modern online casinos are technically safe, but true safety goes beyond encryption and licensing—it’s about how an operator treats its players. Our certified partners are monitored continuously to ensure they:\n● Handle disputes fairly\n● Deliver fast withdrawals\n● Uphold industry best practices\n● Provide clear bonus and T&Cs\nAnd while non-certified casinos can still be safe, the badge gives you that extra layer of assurance."
      },
      {
        "heading": "Licensing Bodies That Ensure Casino Integrity",
        "data": "All Certified Casinos on our platform are licensed by reputable global authorities, such as:\n● UK Gambling Commission (UKGC)\n● Malta Gaming Authority (MGA)\n● Swedish Gambling Authority (SGA)\n● Alcohol and Gaming Commission of Ontario (AGCO)\n● Gibraltar Gambling Commissioner\n● Kahnawake Gaming Commission\n● Isle of Man Gambling Supervision Commission\n● Macau Gaming Inspection and Coordination Bureau\nThese organizations enforce strict operational and ethical standards, including audits, player protection, and fair advertising rules."
      },
      {
        "heading": "How to Choose the Right Trusted Casino",
        "data": "Picking the perfect Certified Casino for your preferences? Here's what to consider:\n1. 🔍 Game Variety – From slots to live dealers, find a platform that offers your favorites.\n2. 🎁 Bonuses – Look for generous welcome offers, no-deposit bonuses, and cashback perks.\n3. 💸 Banking Methods – Confirm your preferred deposit and withdrawal options are supported.\n4. 📱 Mobile Optimization – Choose casinos that run smoothly on smartphones and tablets.\n5. 🌍 Country Restrictions – Check if the casino accepts players from your region.\n6. 💬 Support Quality – Ensure live chat and customer service are responsive and helpful.\nYou can sort our Certified Casinos by rank, number of reviews, and latest updates to find the most trusted brands in real time."
      },
      {
        "heading": "Our Pledge: Continuous Review & Quality Control",
        "data": "Our commitment doesn’t stop at certification. We:\n● Perform routine audits of Certified Casinos\n● Monitor complaint trends\n● Review license status\n● Verify customer service integrity\n● Track any terms or policy updates\nAny failure to meet standards results in badge suspension, ensuring transparency and player protection at all times."
      },
      {
        "heading": "Discover Your First Trusted Casino",
        "data": "Explore the list of Certified Casinos below and experience gaming with complete confidence. Read genuine player reviews, inspect bonuses, compare Casino Ratings, and choose a site that’s both fun and fair."
      }
    ]
  }