{
  "title": "Mobile Casinos: Complete Guide",
  "overview": [
    {
      "heading": "What Is a Mobile Casino?",
      "data": "A mobile casino is an online casino designed to run smoothly on mobile devices such as smartphones and tablets. These platforms allow you to play real-money casino games—whether slots, table games, or live dealer rooms—right from your iOS, Android, or other mobile device. Whether through a mobile-optimized browser site or a dedicated casino app, these casinos bring the thrill of gaming directly to your pocket—no desktop required.\n✅ Quick Definition:\nA mobile casino refers to any gambling platform accessible and fully functional on mobile phones or tablets. That includes registering an account, claiming bonuses, making deposits, and playing your favorite games on the go."
    },
    {
      "heading": "Evolution of Mobile Casinos",
      "data": "Mobile casinos have come a long way since the first one launched back in 2004. What started as a limited mobile experience is now a full-featured gaming ecosystem, complete with:\n● Touchscreen-optimized layouts\n● App-store downloadable casino apps\n● HD live dealer streams\n● Cryptocurrency payments\n● Mobile-exclusive bonuses"
    },
    {
      "heading": "How We Rank the Best Mobile Casino Sites",
      "data": "Our expert team evaluates every mobile casino using a proven system backed by our proprietary CasinoRank algorithm. We score each mobile platform across several key criteria to ensure quality, fairness, and mobile usability:\n🎫 Licensing & Regulation\nOnly casinos licensed by trusted authorities (e.g., UKGC, MGA, SGA) make it to our recommendations list.\n🎨 User Interface & Experience\nWe assess how user-friendly, responsive, and visually appealing each casino’s mobile version or app is across devices and screen sizes.\n🎰 Software Providers\nTop mobile casinos feature mobile-optimized games from trusted developers like NetEnt, Microgaming, Evolution, and Play’n GO.\n💳 Payment Methods\nWe analyze payment flexibility, looking for fast, secure, and mobile-friendly options like Apple Pay, Google Pay, e-wallets, cards, and crypto.\n🛎 Customer Support\nResponsive support—via live chat, email, or in-app assistance—is essential for mobile players. We test all contact channels.\n📱 Mobile Compatibility\nThe mobile site or app must run smoothly on both Android and iOS, with quick loading speeds, game stability, and no layout issues.\n⭐ Reputation & Reviews\nWe cross-check user reviews and complaints to measure real-player satisfaction. You can also read verified user feedback directly on our platform."
    },
    {
      "heading": "Are Mobile Casinos Safe?",
      "data": "Yes—the best mobile casinos are 100% safe. Here’s why:\n● 🛡 SSL encryption protects your data and financial transactions.\n● 🔍 Licensing authorities audit mobile platforms regularly.\n● 🧠 Device-level protection (especially on iOS and Android) adds extra security layers.\n● 💬 In-house testing and user feedback help us vet each casino we recommend.\nMobile casinos are often even safer than desktop platforms, thanks to the stronger app sandboxing and security features of modern smartphones"
    },
    {
      "heading": "📲 Mobile Casino Apps vs. Mobile Browsers",
      "data": "🔘 Mobile Casino Apps\nSome casinos offer dedicated apps for Android and iOS. These apps provide quick access, push notifications, and streamlined navigation.\nBenefits:\n● Better performance on lower connections\n● Biometric login (Face ID / Fingerprint)\n● Exclusive in-app bonuses\n🌐 Mobile Browser Casinos\nMost mobile casinos work directly from your browser. No download required—just visit, log in, and play.\nBenefits:\n● No storage use on your device\n● Compatible with almost any device\n● Instant access to all games\nWhichever you choose, both app and browser versions allow full access to games, banking, bonuses, and support."
    },
    {
      "heading": "📱 Android vs. iPhone Mobile Casinos",
      "data": "Whether you're using Android or iPhone, you can enjoy top-notch mobile casinos with:\n● Fully responsive designs\n● Secure banking\n● Optimized slot games and live casino features\n● OS-specific app store access\nWe list whether a casino has an Android APK or iOS App Store link, making downloads hassle-free."
    },
    {
      "heading": "Popular Mobile Casino Bonuses",
      "data": "Mobile casinos offer a wide range of promotions. Here are the most common ones:\n🆓 No Deposit Bonuses\nTry games risk-free with no upfront payment—ideal for new players.\n🔄 Match Deposit Bonuses\nReceive bonus funds based on your first or subsequent deposits (e.g., 100% up to $500).\n🎰 Free Spins Bonuses\nEnjoy spins on top mobile slot games, often tied to welcome packages or daily offers.\n💸 Cashback Bonuses\nGet back a portion of your losses—perfect for high-volume players.\n📱 Mobile-Only Bonuses\nSpecial rewards just for mobile players, such as exclusive offers for downloading the app or playing from your device."
    },
    {
      "heading": "💳 Payment Options on Mobile Casinos",
      "data": "Top mobile casinos offer a wide range of banking methods tailored for mobile users:\n● Debit/Credit Cards: Visa, Mastercard\n● E-Wallets: PayPal, Skrill, Neteller\n● Instant Banking: UPI, Interac, PayID\n● Crypto Payments: Bitcoin, Ethereum\n● Mobile Billing: Pay by Phone\nBefore depositing, always check:\n● Minimum and maximum limits\n● Withdrawal speed\n● Payment method eligibility for bonuses"
    },
    {
      "heading": "🎮 Game Selection on Mobile",
      "data": "Mobile casinos today offer hundreds of games, including:\n● 🎰 Mobile Slots (Classic, Video, Jackpot)\n● 🎲 Table Games (Blackjack, Roulette, Baccarat)\n● 🎥 Live Dealer Games (from studios like Evolution)\n● 🧩 Instant Win & Crash Games\n● 💡 New Releases from trending providers\nAll are optimized for touchscreens with swipe-friendly navigation, fast loading, and adjustable UI settings."
    },
    {
      "heading": "📱 Fully Optimized for Mobile Play",
      "data": "Whether you're on the move or lounging on your couch, modern mobile casinos are built to deliver an immersive and responsive gaming experience, featuring:\n● One-touch account access\n● Instant withdrawals via mobile wallets\n● App notifications for bonuses and tournaments\n● Adjustable game layouts for vertical or landscape play"
    },
    {
      "heading": "🎯 Ready to Discover the Best Mobile Casinos?",
      "data": "We’ve made it easy for you. Browse our curated list of the best mobile casinos, read expert reviews, compare bonuses, and find the platform that’s perfect for your playstyle"
    }
  ]
}