{
      "title": "New Casinos: Complete Guide",
      "overview": [
        {
          "heading": "New Online Casinos – Fresh Gaming Options at Your Fingertips",
          "data": "What Qualifies as a “New” Casino on Our Platform?\nOur new casinos page showcases not only the latest arrivals in the online gaming world but also platforms that have been newly added to our database. While some may be recently launched, others are newly listed with us, meaning they’re fresh to our community—if not to the industry.\nWe display these casinos in chronological order, putting the most recently added at the top, so you can easily find and explore the freshest options available.\nFind Casinos by What Matters Most to You\nUse our smart filtering tools to narrow your casino search based on what’s most important to you:\n● 🕒 Launch date\n● ⭐ Player reviews & ratings\n● 🧾 Complaint history\n● 💬 Customer support availability (e.g., live chat)\n● 🔒 Licensing and regulation\n● 🎰 Game selection or software provider\nYou can sort casino listings by date added, CasinoRank Score, or number of user reviews, allowing you to make a choice that aligns with your preferences."
        },
        {
          "heading": "How to Check When a Casino Was Launched",
          "data": "Just because a casino is new doesn’t mean it lacks credibility. In fact, many new platforms come from established gaming companies with excellent reputations. However, to verify their legitimacy:\n● ✅ Check the casino’s license(s) — Look for licensing logos at the footer.\n● 🔍 Verify testing certificates — Look for seals from agencies like iTech Labs or eCOGRA.\n● 📅 Look for the launch date — Usually located in the “About Us” or at the bottom of the home page."
        },
        {
          "heading": "How Often Do We Add New Casinos?",
          "data": "Our editorial and research team constantly reviews, tests, and updates the casino listings. On average, we add 4 to 6 new online casinos weekly, ensuring you always have fresh options to explore.\nEach new listing comes with a comprehensive review, including details about:\n● 🎁 Bonuses and promotions\n● 💳 Payment methods\n● 🎮 Games and providers\n● 🔐 Licensing and fairness\n● 💬 Customer support performance\nWe recommend reading each review thoroughly before signing up."
        },
        {
          "heading": "Are New Online Casinos Safe to Play At?",
          "data": "Yes—if they meet our safety criteria.\nAll newly listed casinos go through a pre-screening process before they appear on our site. This includes:\n● Background check of ownership\n● Licensing verification (MGA, UKGC, AGCO, etc.)\n● Bonus terms review\n● Software provider legitimacy\n● Player feedback and complaint scan\nSome of the best new casinos even receive our Trust Certification Badge after maintaining exceptional performance for at least 6 months."
        },
        {
          "heading": "How to Choose the Right New Casino",
          "data": "Choosing the right platform means balancing novelty and reliability. Here are key things to evaluate:\n● 📊 CasinoRank Score\n● 🏦 Available payment methods\n● 📄 Terms & Conditions clarity\n● 📣 Complaint resolution rate\n● 🤝 Support availability (email, chat, phone)\n● 🔒 SSL encryption and data safety\n● 🎮 Game variety (slots, live dealer, table games)"
        },
        {
          "heading": "How We Evaluate and Rate New Casinos",
          "data": "Each newly added casino is evaluated by our in-house experts, using a proprietary CasinoRank algorithm. The score takes into account:\n● 🎯 Software quality and platform performance\n● 🔐 Security and data protection\n● 🎁 Fairness and transparency of promotions\n● 🛎 Speed and efficiency of customer service\n● 🧾 History of resolving player complaints\n● 📈 Long-term performance trends\nOur ratings are updated regularly to reflect real-time performance."
        },
        {
          "heading": "New Casinos by Region",
          "data": "󰏅 UK-Based Casinos\nDue to strict regulations by the UK Gambling Commission (UKGC), new UK casinos must undergo rigorous licensing before appearing on our site.\n󰎟 Canadian Casinos\nAvailability depends on the province—some casinos operate nationwide, while others are restricted to specific regions like Ontario.\n󰑔 US Online Casinos\nCasino legality varies by state in the U.S. We only list sites that are fully licensed within your state of residence.\nRegardless of your location, always verify:\n● ✔ Local licensing\n● ✔ Responsible gambling policies\n● ✔ Review and rating consistency"
        },
        {
          "heading": "Why Gambling Licenses Matter",
          "data": "Licensing is your first line of defense when choosing a new online casino.\nTop regulatory authorities include:\n● UK Gambling Commission (UKGC)\n● Malta Gaming Authority (MGA)\n● Alcohol and Gaming Commission of Ontario (AGCO)\n● Swedish Gambling Authority (SGA)\n● Gibraltar Regulatory Authority (GRA)\nLicensed casinos must meet strict operational and ethical standards, including secure handling of player funds and fair game audits."
        },
        {
          "heading": "What Makes New Casinos Attractive?",
          "data": "New casinos often introduce innovative features to attract players, including:\n● 🎮 Cutting-edge game portfolios\n● 🚀 Fast-loading mobile apps\n● 🧩 Unique bonus mechanics\n● 🗃 Rare software providers\n● 🤝 Responsive customer support\n● 🔄 Faster KYC and withdrawals"
        },
        {
          "heading": "Enjoy Exclusive New Casino Bonuses",
          "data": "Many new casinos launch with:\n● 🎁 Welcome packages\n● 🔄 Cashback offers\n● 💸 No-deposit bonuses\n● 🚀 Free spins\n● 🛡 Low wagering promos\nWe regularly feature exclusive bonuses you won't find anywhere else, often including special promo codes for our community."
        },
        {
          "heading": "Payment Options in New Casinos",
          "data": "New platforms typically support modern and diverse banking methods, including:\n● 💳 Visa, Mastercard\n● 🧾 Bank Transfers\n● 💼 E-wallets: Skrill, Neteller, PayPal\n● ₿ Cryptocurrencies: Bitcoin, Ethereum, USDT\nMake sure to compare deposit vs. withdrawal methods, as they may differ."
        },
        {
          "heading": "Latest Casino Games & Software Providers",
          "data": "Expect to find the newest slot releases, live dealer rooms, and even crypto-focused games from top developers like:\n● 🎰 NetEnt\n● 🎮 Microgaming\n● ⚙️ Play’n GO\n● 🎥 Evolution Gaming\n● 🧠 Pragmatic Play\n● 🎲 Playson\nIf a lesser-known provider is listed, always look for an RNG Certificate or fairness seal."
        },
        {
          "heading": "Seamless Mobile Casino Experiences",
          "data": "New online casinos are built with mobile-first designs, ensuring full compatibility with:\n● 📱 iOS & Android browsers\n● 📲 Dedicated mobile apps\n● 💡 Instant play with no download needed\nPlay your favorite games from anywhere, without losing quality or functionality."
        },
        {
          "heading": "Discover the Latest Casinos with Us",
          "data": "Our New Online Casinos page is updated constantly so you never miss a rising star in the iGaming space. If you’re hunting for something fresh, secure, and entertaining—this is your starting point"
        }
      ]
    }