{
  "title": "Online Casinos: Complete Guide",
  "overview": [
    {
      "heading": "Which Casinos Are Listed as New on Our Website?",
      "data": "Our platform features the freshest additions in the online casino industry—ranging from newly launched brands to the latest platforms integrated into our directory. While not all listed casinos are brand-new, they are added in chronological order, with the most recent entries shown first.\nTo help you make the best choice, we offer filtering tools to sort casinos by launch date, user reviews, complaint records, support features like live chat, and more. You can also adjust the display order based on Casino Ratings, player feedback, or date added—perfect for those who want to explore high-ranking or newly trending options."
    },
    {
      "heading": "How to Check When a Casino Was Launched",
      "data": "A casino’s recent launch doesn’t mean it lacks credibility. Many new platforms are backed by experienced operators and offer secure, trustworthy gaming environments.\nFor peace of mind, verify the casino’s license (usually displayed at the website footer), look for fairness certifications from labs like eCOGRA or iTech Labs, and check the founding date. Reputable casinos often display this info transparently on their homepage or \"About\" page."
    },
    {
      "heading": "How Frequently Do We Add New Casinos?",
      "data": "We expand our casino database regularly—adding several new platforms each week. Thanks to our dedicated research team, you'll always have fresh and exciting gambling destinations to explore.\nEach listing includes comprehensive casino reviews, detailing everything from bonuses and games to banking options and user experience—so you can make informed decisions every time."
    },
    {
      "heading": "Are New Online Casinos Safe to Use?",
      "data": "Yes—if they’re vetted properly. Any newly listed site on our platform with a high user rating, valid gaming license (e.g., UKGC, MGA), and trusted software partners is considered safe and reliable.\nEven better, many casinos on our site earn a Trust Badge after maintaining a solid reputation for at least six months. These casinos display our exclusive seal, indicating they meet high standards of fairness, transparency, and player support."
    },
    {
      "heading": "What to Look for in a New Casino",
      "data": "Before registering at any online casino, especially a newer one, ensure you gather essential details such as:\n● Casino license and regulation\n● Available payment methods\n● Bonuses and promotions\n● Terms and Conditions\n● Customer support responsiveness\n● Complaint history\nOur casino reviews offer in-depth insights to guide your decision-making—so you can safely choose the best new casino for your playstyle."
    },
    {
      "heading": "How We Evaluate and Rate New Casinos",
      "data": "Every casino in our directory is reviewed by our in-house experts. We evaluate multiple aspects, including:\n● Software and game providers\n● Bonus terms and conditions\n● Payment security\n● Customer support quality\n● Licensing and legal compliance\nOur proprietary Casino Rating algorithm compiles all this data to assign an overall score, which we update on a monthly basis to reflect current performance."
    },
    {
      "heading": "New Casino Launches by Region",
      "data": "Casino launch frequency differs by country due to local regulations. Here's a quick look:\n🏴 New UK Casinos\nAll UK casinos must be licensed by the UK Gambling Commission. This strict regulation limits the frequency of new UK casino launches but ensures top-tier player protection.\n🍁 New Canadian Casinos\nCanada’s gaming laws vary by province. Some casinos may only be accessible in specific areas, so players should check local availability before signing up.\n󰑔 New US Casinos\nWith regulation handled at the state level, U.S. casino availability also varies. We add new platforms as soon as they meet the legal requirements and are cleared for play.\nFor all countries, we recommend checking ratings, player reviews, bonus terms, and complaint records before joining."
    },
    {
      "heading": "Why Licensing is Key for New Online Casinos",
      "data": "Licensing is your first checkpoint when evaluating any casino. Trusted platforms are licensed by major authorities like:\n● UKGC (UK Gambling Commission)\n● MGA (Malta Gaming Authority)\n● SGA (Swedish Gambling Authority)\nIf you don’t see a license displayed, it’s best to avoid the site. We only list casinos that meet strict legal and operational standards."
    },
    {
      "heading": "What Makes a New Casino Platform Unique?",
      "data": "New casinos often come with a fresh look, better UX, innovative features, and generous bonuses designed to attract early users. With the highly competitive nature of the online casino industry, newcomers go the extra mile to stand out.\nOn our site, you’ll find certified and exclusive offers that are only available through us—look out for casinos with our AG Coin certification for verified quality."
    },
    {
      "heading": "Casino Bonuses You’ll Want to Claim",
      "data": "One of the biggest perks of trying a new casino is taking advantage of exclusive bonuses like:\n● Welcome deposit matches\n● Free spins\n● Cashback offers\n● No-wagering rewards\n● Tournament entries\nWe keep each promotion up to date and highlight terms like bonus codes and wagering requirements, so you know what to expect."
    },
    {
      "heading": "Modern Payment Methods and Fast Withdrawals",
      "data": "New casinos are often more flexible when it comes to payments. Many support both traditional methods (credit cards, PayPal, Skrill) and crypto options (Bitcoin, Ethereum, etc.).\nEach site may have different policies for deposits and withdrawals, so always check whether your preferred method is supported for both."
    },
    {
      "heading": "Latest Game Libraries from Trusted Providers",
      "data": "A wide game selection is a good sign. New casinos that partner with big names like:\n● NetEnt\n● Microgaming\n● Play’n GO\n● Evolution\n● Pragmatic Play\n…are likely to offer quality entertainment and fairness.\nMake sure table games, live dealers, and slots all come from certified studios. If a new platform uses lesser-known providers, check whether they include RNG certification to guarantee randomness."
    },
    {
      "heading": "Mobile Compatibility at New Online Casinos",
      "data": "Most new online casinos are fully optimized for mobile gameplay—meaning you can enjoy games directly from your smartphone or tablet. Many also offer dedicated mobile apps for a seamless experience on iOS and Android.\nWhether through browser or app, you’ll find smooth performance, fast loading times, and complete access to all your favorite games and features."
    },
    {
      "heading": "Explore the Latest Online Casinos on Our Site",
      "data": "With our dedicated section for new online casinos, you’ll never miss out on the latest gaming opportunities. Whether you're seeking new bonuses, better mobile play, or fresh game collections, we’ve got you covered."
    }
  ]
}