{
    "title": "Cashback Bonuses: Complete Guide",
    "overview": [   
      {
        "heading": "What Are Cashback Bonuses?",
        "data": "A cashback bonus is a casino promotion that allows players to recoup a portion of their net losses over a specific period or across selected games. It's designed to soften the blow of losing streaks and reward players for continued engagement, acting as both a loyalty incentive and a retention tool for online casinos. For example, if you activate a 20% cashback bonus and lose €100, the casino will refund €20 back to your account—usually after the wagering criteria are met."
      },{
        "heading": "🎯 Types of Cashback Bonuses",
        "data": "Cashback bonuses come in several formats, each catering to different gaming preferences and loss types. Here's a breakdown:\n✅ 1. Cashback on All Losses: You receive a percentage of your total net losses across all games. This type is rare and generous, typically offered during special promotions.\n✅ 2. Losing Bets or Spins: Covers a percentage of your losing bets or spins only—not total net losses. These are usually tracked over a defined promotional period.\n✅ 3. Cashback on Deposits: Rather than basing cashback on losses, the casino gives back a percentage of your deposit amount, even if you win. For example, 20% cashback on a €100 deposit returns €20, regardless of outcomes.\n✅ 4. Daily Cashback Bonus: The most common type. You'll get a daily refund on net losses, giving you some funds to continue playing without making a fresh deposit.\n✅ 5. Weekly Cashback Bonus: Covers seven-day periods. After meeting wagering requirements, the casino refunds a percentage of your net losses at week's end.\n✅ 6. Monthly Cashback Bonus: Calculates losses over an entire month. This bonus typically yields higher amounts and is great for regular players who may not track their losses daily.\n✅ 7. VIP Cashback: Exclusive to VIP or loyalty program members, these cashback percentages can climb as high as 50% based on your VIP tier. VIP cashback often comes with fewer conditions and higher payout caps.\n✅ 8. Wager-Free Cashback: You receive your cashback with no playthrough requirement. Although attractive, this bonus may have a minimum loss threshold you must reach before claiming it."
      },{
        "heading": "📈 How to Get the Best Cashback Bonus",
        "data": "To maximise cashback benefits, keep the following factors in mind:\n● Cashback Percentage: Look for higher percentages (20–50%). VIP programs usually offer the best rates.\n● Bonus Cap: Understand the 'up to' amount—e.g., 20% cashback up to €100. If you lose more than the cap, you won't get more than the stated maximum.\n● Wagering Requirements: Some cashback comes with 1x wagering, while wager-free offers let you withdraw instantly.\n● Bonus Validity: Cashback is often cyclical—daily, weekly, or monthly. Make sure you're comfortable with the timeframe."
      },{
        "heading": "📜 Cashback Bonus Terms and Conditions",
        "data": "Always read the T&Cs carefully. Cashback bonuses may seem simple, but their conditions vary significantly.\nKey Points to Check:\n● Eligible Games: Some cashback applies only to slots, live casino, or table games.\n● Wagering Requirements: Always confirm if your cashback is wager-free or if there's a playthrough.\n● Time Limits: Check how long the cashback offer is valid and when the refund is processed.\n● Loss Threshold: Many casinos require a minimum loss before cashback kicks in.\n● Withdrawal Limits: Even on cashback, some casinos cap how much you can cash out."
      },{
        "heading": "🚀 How to Claim a Cashback Bonus",
        "data": "Claiming cashback is simple. Just follow these steps:\n1. Opt-in or activate the cashback promotion through your casino account or promotions page.\n2. Read and accept the T&Cs to ensure you're eligible and informed.\n3. Play eligible games and accumulate losses (as per bonus terms).\n4. Wait for the cashback to be credited—usually daily, weekly, or monthly.\n5. Withdraw or reuse the cashback funds, depending on your strategy."
      },{
        "heading": "Are Cashback Bonuses Legal?",
        "data": "Yes, cashback bonuses are perfectly legal as long as the casino is licensed and regulated. However, bonus eligibility may depend on your jurisdiction.\n🔍 Always check if your country is eligible for promotions and ensure bonuses are not prohibited under local gambling laws."
      },{
        "heading": "🎯 Maximise Your Cashback Returns",
        "data": "Cashback bonuses are most effective when used strategically:\n● Join loyalty/VIP programs to unlock higher cashback percentages.\n● Look for wager-free offers that give you more flexibility.\n● Track your play sessions and activate cashback before gameplay begins.\n● Use cashback as extra play value or withdraw to recover your bankroll.\nOver time, a solid cashback strategy can turn losses into second chances—and occasionally, into wins!"
      }
    ]
}