{
    "title": "Exclusive Bonuses: Complete Guide",
    "overview": [
      {
        "heading": "🎁 What Is an Exclusive Casino Bonus?",
        "data": "An exclusive casino bonus is a special type of casino offer that's only available through select affiliate partners—like AskGamblers—and not accessible directly from the casino's website. These bonuses often offer better terms, higher value, or extra spins compared to regular offers. Whether it's extra free spins, no-deposit cash, or an enhanced welcome package, exclusive bonuses are tailored to give you more value."
      },
      {
        "heading": "✅ Why Exclusive Bonuses Are Better",
        "data": "Unlike standard promotions, exclusive bonuses may include:\n● Higher bonus percentages (e.g., 200% instead of 100%)\n● More free spins or game credits\n● Reduced wagering requirements\n● VIP perks or loyalty boosts\n💡 Pro Tip: Exclusive bonuses are often time-limited or linked to specific bonus codes, so act fast when you see one."
      },
      {
        "heading": "🎰 Types of Exclusive Casino Bonuses",
        "data": "🎁 Exclusive Welcome Bonuses: Get started with a larger welcome package than regular players. 👉 Example: Deposit $20 and get $80 instead of the usual $50.\n💸 Exclusive No Deposit Bonuses: Play for free—no deposit required. These bonuses give you real money or free spins just for signing up via our site. 📌 Always check the wagering requirements and cashout limits.\n🔁 Exclusive Free Spins Bonuses: Spin the reels on popular slots like Starburst or Book of Dead. You'll often get:\n● 50–200 free spins\n● Valid on new or featured slots\n● No deposit or with bonus code\n🎯 Mobile-Only Exclusive Bonuses: Some exclusive offers are only accessible through mobile play or casino apps—perfect for gamers on the go."
      },
      {
        "heading": "🔓 How to Claim an Exclusive Casino Bonus",
        "data": "Follow these simple steps:\n1. Choose a bonus from our list\n2. Click the 'Claim Bonus' button\n3. Sign up at the casino\n4. Enter the bonus code (if required)\n5. Make a deposit and start playing!\n💬 Not sure if the bonus needs a code? Just ask the casino's live chat."
      },
      {
        "heading": "Are Exclusive Casino Bonuses Safe?",
        "data": "Yes—as long as the casino is licensed and listed on a trusted platform like AskGamblers. Look for regulation by:\n● UK Gambling Commission (UKGC)\n● Malta Gaming Authority (MGA)\n● Curacao eGaming, Swedish Spelinspektionen, etc.\nPlus, you're backed by our team's strict vetting process."
      },
      {
        "heading": "Play Anywhere with Exclusive Bonuses",
        "data": "Many exclusive offers are mobile-friendly, and some are app-only. Look for:\n● Android & iOS compatibility\n● Download links in the casino footer or homepage\n● Mobile-exclusive codes (e.g., appbonus50)"
      },
      {
        "heading": "🔚 Final Thoughts: Why Choose Exclusive Bonuses?",
        "data": "In an overcrowded online casino market, exclusive bonuses help you:\n● Get more play for your money\n● Try premium features early\n● Maximize your bankroll risk-free\n🏆 Choose exclusive offers for a head-start, and always gamble responsibly."
      },
      {
        "heading": "⚠️ Disclaimer",
        "data": "18+ only. T&Cs apply. Play responsibly. Bonuses are subject to country restrictions and may change without notice. Licensed casinos only. Check each bonus's full terms on the casino website before claiming."
      }
    ]
}