{
    "title": "FreeSpins Bonuses: Complete Guide",
    "overview": [
      {
        "heading": "Free Spins Bonus Guide",
        "data": "What Are Free Spins? Free Spins bonus is a casino promotion that lets you receive a predetermined number of spins you can use on a particular slot game or a selection of online slots. As one of the most sought-after promotional tools at both land-based and online casinos, Free Spins bonuses can be either standalone promotions or tied to deposit bonuses. Although this type of bonus doesn't require you to pay in order to play, most of the time, Free Spins bonuses do come with strings attached. Read on to learn how to differentiate between the most common types of Free Spins bonuses and what to pay attention to before activating."
      },
      {
        "heading": "Are Free Spins the Same As Bonus Spins?",
        "data": "You might have come across offers dubbed as 'Bonus Spins' or 'Extra Spins' instead of Free Spins. In essence, there is no difference between these terms, and they all work exactly the same. The reason why some of the new casinos use this wording is to make sure they are compliant with gambling regulations and the terms of their licence. Truth be told, Bonus Spins and Extra Spins are still Free Spins; it's just that gambling sites want to reassure their respective regulators they are not luring players with false advertisement."
      },
      {
        "heading": "What Are the Benefits of Free Spins at Online Casinos?",
        "data": "When you sign up at a new casino, Free Spins may well be among the first promotions you see. If they're not part of a welcome offer, Free Spins will most certainly be among recurring or time-limited casino promotions. Benefits include:\n● No deposit required – Many Free Spins promotions don't require any deposit.\n● Try new slots – Use spins to test new releases without risk.\n● Win real money – With certain conditions, Free Spins can convert into real cash.\n● Available everywhere – Nearly every casino features Free Spins in some form."
      },
      {
        "heading": "How to Claim Free Spins",
        "data": "To get Free Spins on sign up, all you must do is find a new customer offer from our list that you like and activate it. When looking for a casino bonus, Free Spins may be offered either as a part of a match deposit bonus or a standalone offer. Any online casino with Free Spins will likely offer them directly, by activating an offer at a casino. Other times, a new casino Free Spins offer will require a special code to let you claim the bonus, i.e. exclusive bonuses. All bonus codes for Free Spins are contained in the respective bonuses on MrGamblers, so you don't have to look any further."
      },
      {
        "heading": "How Many Free Spins You Can Receive",
        "data": "The number of Free Spins varies greatly depending on the casino offer:\n● 10 Free Spins\n● 30 Free Spins\n● 50 Free Spins\n● 100 Free Spins\n● 250 Free Spins\n● 1000 Free Spins\nPromotional boosts can increase this number depending on player activity."
      },
      {
        "heading": "Different Types of Free Spins Bonuses",
        "data": "● Free Spins Deposit Bonus – Spins awarded with your deposit.\n● Free Spins No Deposit Bonus – No initial deposit needed to claim.\n● No-Wagering Free Spins – Any winnings are yours without additional playthrough."
      },
      {
        "heading": "What to Look for When Choosing a Casino Free Spins Promotion",
        "data": "Before claiming Free Spins, check the bonus terms and conditions. Key points include:\n● Wagering Requirements – Check how many times winnings must be wagered.\n● Expiration Date – How long are the spins valid?\n● Game Restrictions – Can the spins be used on all slots or only selected ones?\n● Max Cashout – How much of your winnings can you actually withdraw?"
      },
      {
        "heading": "How to Make the Most of a Free Spins Bonus",
        "data": "● Use Free Spins on high RTP games.\n● Read and understand all the bonus terms.\n● Don't rush spins—focus and track your balance.\n● Cash out winnings quickly if allowed."
      },
      {
        "heading": "Are Free Spins Bonuses Worth It?",
        "data": "Yes, as long as the terms are fair. Look for:\n● Low or no wagering requirements\n● Reasonable minimum deposit\n● High maximum withdrawal limits\nAvoid bonuses with overly strict terms (e.g. high wagering + low cashout)."
      },
      {
        "heading": "How We Compare and Rank Free Spins Bonuses",
        "data": "At MrGamblers, we use strict evaluation criteria:\n● Bonus Type – Deposit, no-deposit, or no-wagering\n● Wagering Terms – Favoring low or no playthrough\n● Eligible Games – Noted explicitly\n● Expiry Dates – Clearly shown\n● Maximum Payout – Highlighted on each bonus\nThis way, you can make well-informed choices and enjoy safer, more rewarding gameplay."
      },
      {
        "heading": "Discover More",
        "data": "● Instant Withdrawal Casinos\n● Europe Online Casinos\n● Real Money Casinos\n● Exclusive Casino Bonuses\n● No Wagering Casino Bonuses\nStay tuned to MrGamblers for daily updated Free Spins offers and unbiased casino reviews."
      }
    ]
}