{
  "title": "No-Deposit Bonuses: Complete Guide",
  "overview": [
    {
      "heading": "What Is a No Deposit Bonus?",
      "data": "A no deposit bonus is a promotional incentive provided by online casinos where players receive bonus funds or free spins without the need to deposit real money. Typically ranging from $5 to $10, this bonus allows players to test the casino platform, explore games, and potentially win real money, all without financial risk. However, specific terms and conditions, including wagering requirements, apply before any winnings can be withdrawn."
    },
    {
      "heading": "Types of No Deposit Casino Bonuses",
      "data": "1. Bonus Cash: Small amount of bonus credit, often with playthrough requirements.\n2. Free Spins: A limited number of spins on selected slot games, sometimes with capped winnings and wagering requirements.\n3. Free Play: Larger bonus amounts with short validity periods and steep wagering requirements.\n4. Cashback: A percentage of losses returned as bonus funds, usually after a deposit is made.\n5. Free Coins (Sweepstakes Casinos): Virtual coins awarded for games, potentially redeemable for real prizes at some sweepstakes casinos."
    },
    {
      "heading": "How to Claim a No Deposit Bonus",
      "data": "1. Select a Casino: Choose from reputable casinos with good reviews.\n2. Register: Fill out the registration form and activate your account.\n3. Claim the Bonus: Automatically credited or entered via bonus code."
    },
    {
      "heading": "Availability by Region",
      "data": "● UK: Strict regulations; fewer no deposit offers; wagering requirements usually around 20x.\n● US: Often includes sweepstakes coins; availability varies by state.\n● Canada: Offers free spins or bonus cash; subject to local laws."
    },
    {
      "heading": "Best Games for No Deposit Bonuses",
      "data": "Typically awarded for online slots from providers like NetEnt, Pragmatic Play, or Relax Gaming. Some casinos may allow players to choose among several eligible games."
    },
    {
      "heading": "Important Considerations",
      "data": "● Game Restrictions: Bonus often tied to specific games.\n● Illegal Casinos: Avoid unlicensed operators; they can deny winnings or ban users arbitrarily."
    },
    {
      "heading": "No Deposit Bonus Terms and Conditions",
      "data": "1. Wagering Requirements: Typically 20x–70x the bonus amount.\n2. Validity Period: Can range from 24 hours to one month.\n3. Max Bet: Limits on individual wagers to protect bonus validity.\n4. Deposit Requirement for Withdrawal: Some casinos require a deposit for identity verification.\n5. Limitations: Max cashout, restricted countries, and game type restrictions.\n6. Eligible Games: Slots usually contribute 100% to wagering; table and live games contribute less."
    },
    {
      "heading": "Bonus Codes",
      "data": "● Unique codes used to activate a no deposit bonus.\n● Found via emails, casino sites, or affiliate platforms like AskGamblers.\n● Geo-targeted: Availability may differ by region."
    },
    {
      "heading": "How to Claim a Bonus Code",
      "data": "1. Register at the selected casino.\n2. Enter Bonus Code in the appropriate field.\n3. Verify Account (email or phone).\n4. Receive Bonus Funds and begin play."
    },
    {
      "heading": "How to Find the Best No Deposit Casinos",
      "data": "● Step 1: Decide Bonus Type: Choose between free spins, cash, or sweepstakes.\n● Step 2: Read T&Cs: Understand wagering, expiry, max cashout, and eligible games."
    },
    {
      "heading": "No Deposit Bonuses at AskGamblers",
      "data": "AskGamblers offers a curated, regularly updated list of the best no deposit bonus casinos. Each listing includes valid offers, comprehensive casino reviews, and bonus terms."
    },
    {
      "heading": "Discover More",
      "data": "● Instant Withdrawal Casinos\n● Europe Online Casinos\n● Real Money Casinos\n● Exclusive Casino Bonuses\n● No Wagering Casino Bonuses"
    }
  ]
}