{
  "title": "No Wagering Bonuses: Complete Guide",
  "overview": [
    {
      "heading": "What Are No Wagering Casino Bonuses?",
      "data": "No wagering bonuses are casino promotions that do not require you to meet any wagering requirements before withdrawing your winnings. Unlike standard bonuses that tie your funds to turnover conditions, no wagering bonuses let you cash out your winnings instantly, giving players more freedom and control over their gaming experience. They are often available in smaller amounts or in the form of free spins and are commonly offered as part of welcome packages or loyalty promotions."
    },
    {
      "heading": "How No Wagering Bonuses Work",
      "data": "Here's the key difference: With traditional casino bonuses, winnings must be wagered multiple times (e.g., 30x the bonus) before you can withdraw. But with no wagering bonuses, winnings are yours immediately—no strings attached. Example: You get 50 free spins with no wagering. You win €10 from those spins. You can now withdraw that €10 or use it to keep playing—no wagering needed!"
    },
    {
      "heading": "📜 No Wagering Bonus Terms and Conditions",
      "data": "Even though there are no wagering requirements, you still need to read the fine print. Here's what to look for:\n✅ 1. Validity Period: Most bonuses have an expiration date. No wagering bonuses often expire quickly—within 24 hours to a few days. If unused, the bonus and potential winnings can be voided.\n✅ 2. Max Cap (Withdrawal Limit): Some casinos limit the amount you can withdraw from a no wager bonus. You might win €1,000 but be allowed to withdraw only €100.\n✅ 3. Eligible Games: Bonuses are often tied to specific games. Free spins are usually valid on selected slots. Cashback offers may exclude table games or live casino games."
    },
    {
      "heading": "💡 Why Do Online Casinos Offer No Wagering Bonuses?",
      "data": "Casinos use no wagering bonuses to attract new players or reward loyal ones. These promotions:\n● Build trust by offering real-value rewards.\n● Serve as trial tools to explore new games or casino platforms.\n● Improve retention for players who dislike complicated bonus terms. It's a win-win: players enjoy more freedom, and casinos get more engagement."
    },
    {
      "heading": "🔁 Low Wagering Bonuses: A Middle Ground",
      "data": "Many casinos offer low wagering bonuses (e.g., 5x or 10x playthrough) as a compromise between traditional and wager-free bonuses. These give:\n● Higher bonus amounts\n● Better withdrawal potential\n● Still lower risk than standard 30x–50x requirements."
    },
    {
      "heading": "🎁 Types of No Wagering Casino Bonuses",
      "data": "Here's a list of common no wagering bonus formats:\n🎉 1. Registration / Sign-Up Bonus\n● No deposit needed\n● Usually small (e.g., 10–20 free spins)\n● Credited upon account creation\n💎 2. No Wagering Welcome Bonus\n● Awarded on your first deposit\n● Often part of a welcome package\n● May include free spins or cash bonuses\n🎰 3. No Wagering Free Spins\n● Tied to specific slot games\n● Winnings are instantly withdrawable\n● May be awarded as part of promotions or events\n🔁 4. Reload Bonuses\n● Offered to existing players\n● Available on certain days or as part of loyalty programs\n● Usually requires a deposit\n💸 5. Cashback Bonuses\n● Get a percentage of your net losses back\n● Withdrawable immediately\n● Often available weekly or monthly."
    },
    {
      "heading": "📥 How to Claim a No Wagering Bonus",
      "data": "Follow these simple steps:\n1. Find a No Wager Bonus – Browse verified offers and check for terms like 'wager-free' or 'no playthrough.'\n2. Register & Deposit (if required) – Some no wager bonuses are no-deposit; others require a minimum deposit.\n3. Enter Bonus Code (if needed) – Some casinos require promo codes to activate.\n4. Play Eligible Games – Check which games qualify for the bonus.\n5. Withdraw Winnings Instantly – Once you win, the money is yours with no rollover."
    },
    {
      "heading": "How to Find the Best No Wagering Casino",
      "data": "When choosing a casino that offers no wagering promotions, always check the following:\n● ✅ Is the casino licensed and regulated?\n● ✅ Are payment methods fast and secure?\n● ✅ Is the bonus truly wager-free?\n● ✅ What's the withdrawal cap and validity?\n● ✅ Is mobile support available?\n● ✅ Does customer support operate in your time zone?"
    }
  ]
}