{
  "title": "Welcome Bonuses: Complete Guide",
  "overview": [
    {
      "heading": "What Is a Casino Welcome Bonus?",
      "data": "A welcome bonus at an online casino—also known as a sign-up or first deposit bonus—is a promotional incentive offered by gambling sites to entice new players to join. It is the casino’s way of celebrating your registration and rewarding your first deposit. In today's competitive online gaming market, welcome bonuses have become a standard feature. It’s rare to find an online casino that doesn’t offer some form of welcome bonus to new players."
    },
    {
      "heading": "How to Sign Up for Welcome Bonuses",
      "data": "If you’ve reviewed casino sign-up offers beforehand, you’ve likely chosen a casino based on the welcome bonus it offers. These bonuses are typically claimed during or immediately after registration. Depending on the offer, you may need to make a deposit before receiving the bonus. Some casinos break the bonus into multiple parts over several deposits. Always review the bonus Terms and Conditions before attempting a withdrawal to ensure all criteria are met."
    },
    {
      "heading": "Sign-Up Bonuses at Top New Online Casinos",
      "data": "Welcome bonuses are a great way to explore a new casino site. Since building a bankroll takes time and effort, a generous welcome package—sometimes doubling or tripling your initial deposit—can help you get started. Taking advantage of these bonuses can significantly improve your chances of winning."
    },
    {
      "heading": "Most Popular Types of Welcome Bonuses",
      "data": "Casinos offer a variety of incentives to attract and retain new users. Here are the most common types:\n🎁 Match Deposit Bonuses: Casinos match a percentage of your first deposit with bonus funds. For example, a 100% match bonus means depositing €50 gets you another €50 in bonus funds. These offers often come with limits (e.g., up to €200) and wagering requirements.\n🎰 Free Spins Bonuses: Often tied to new slot launches, free spins let you try your luck without wagering your own money. Keep in mind that these bonuses usually have wagering conditions and may only apply to specific slots.\n💸 No Deposit Bonuses: No deposit bonuses allow you to test a casino without spending any of your own money. These offers are often limited in value and may come with restrictions on eligible games or maximum cashout."
    },
    {
      "heading": "Cashable vs. Non-Cashable Welcome Bonuses",
      "data": "✅ Cashable Bonuses: You can withdraw both the bonus and winnings after meeting wagering requirements.\n● Often have lower wagering\n● Preferred by players\n❌ Non-Cashable Bonuses (Sticky Bonuses): You can play with the bonus, but you can’t withdraw it—only the winnings.\n● Bonus stays with the casino\n● Often higher in value\n● Used to boost your bankroll only."
    },
    {
      "heading": "Pros and Cons of Welcome Bonuses",
      "data": "✅ Pros\n● Risk-free wins with no deposit or free spin bonuses\n● Great value for trying out a casino\n● Test new casinos without using real money\n⚠️ Cons\n● Limited validity period (usually 7–30 days)\n● Strict terms like wagering x30 or x40\n● Game restrictions may limit eligible games."
    },
    {
      "heading": "How to Find the Best Casino First Deposit Bonus",
      "data": "🔍 Shop Around: Compare casinos to find the most generous and fair welcome bonuses. Look at match percentages, wagering terms, and maximum bonus caps.\n📜 Read the Fine Print: Always read the bonus Terms and Conditions—especially:\n● Expiry dates\n● Wagering contribution table\n● Game restrictions\n🎮 Check Game Contribution: Slots often contribute 100% to wagering, while table games like blackjack may only contribute 10% or not at all."
    },
    {
      "heading": "Welcome Bonus Wagering Requirements",
      "data": "Wagering requirements dictate how many times you must play through your bonus before you can cash out. Example:\n● $100 deposit + $100 bonus = $200\n● Wagering requirement = 30x bonus\n● Total wagering needed = 30 x $100 = $3,000\nSome casinos also offer no-wager bonuses, though these typically offer smaller bonus amounts."
    },
    {
      "heading": "Welcome Bonus Cash-Out",
      "data": "You can cash out welcome bonus winnings, but only after meeting:\n● Wagering requirements\n● Minimum withdrawal thresholds\n● Bonus expiry dates\nVerification may be required before your withdrawal is processed."
    },
    {
      "heading": "Payment & Deposit Methods for Welcome Bonuses",
      "data": "Check which deposit methods are eligible for bonuses. Common options include:\n● E-wallets: Skrill, Neteller, Jeton\n● Cards: Visa, Mastercard (some restrictions may apply)\n● Cryptocurrencies: Bitcoin, Ethereum, etc.\n⚠️ Withdrawal methods may differ. Check for eligibility in your region."
    },
    {
      "heading": "Common Terms and Conditions to Know",
      "data": "Before claiming a welcome bonus, inspect:\n● ✅ Expiry timeframes (e.g., 7 days, 30 days)\n● ✅ Wagering multiplier (e.g., 20x–50x)\n● ✅ Game restrictions (e.g., slots-only)\n● ✅ Max bet limits during wagering\n● ✅ Max cashout amount\nIf a casino doesn’t honor the bonus terms, consider submitting a complaint through services like Mr Gamblers."
    }
  ]
}