{
    "title": "Slot's: Complete Guide",
    "overview": [
      {
        "heading": "What Are Classic Slots?",
        "data": "Classic slots are traditional slot machines that closely resemble the original land-based slot games found in brick-and-mortar casinos. These games typically feature three reels, a limited number of paylines (often just one), and simple mechanics.\nThey are inspired by the earliest mechanical slot machines, often showcasing fruits, bars, bells, and lucky 7s as symbols.\nWhile classic slots lack the flashiness of video slots, they appeal to players who appreciate nostalgia, simplicity, and fast-paced gameplay."
      },{
        "heading": "Why Play Classic Slots?",
        "data": "Classic slots are a great choice for both new and experienced players looking for straightforward gameplay. They are also perfect for those who prefer traditional slot aesthetics and fewer distractions.\nPros\n● Easy to learn and play\n● Minimal distractions with clean, simple layouts\n● Typically lower minimum bets\n● Ideal for quick sessions and casual play\nCons\n● Fewer features and bonus rounds\n● Limited paylines and lower max win potential compared to modern slots\n● Basic graphics and themes"
      },{
        "heading": "How to Play Classic Slot Machines",
        "data": "Step 1: Choose a Trusted Casino\nVisit a licensed online casino and go to the \"Classic Slots\" section.\nStep 2: Pick a Game\nSelect a classic slot title that appeals to you – most will have a fruit or vintage theme.\nStep 3: Set Your Bet\nDecide how much you'd like to wager per spin. Classic slots often have fixed paylines, so your main choice will be coin size and bet level.\nStep 4: Spin the Reels\nClick the spin button to start the game. Watch for symbol combinations across the center payline.\nStep 5: Check for Wins\nWins are awarded based on matching symbols along the single payline or any active paylines (if the slot has more than one).\nStep 6: Collect Winnings or Play Again\nAfter a winning spin, you can choose to collect your payout or continue playing."
      },{
        "heading": "How to Win at Classic Slots",
        "data": "Classic slots typically have fewer symbols and limited paylines, making it easy to understand winning combinations. Here's how to maximize your chances:\n● Match identical symbols across the center payline\n● Look for wild symbols (if available) which substitute for other symbols\n● Play maximum coins if the game offers a higher payout or jackpot on max bets\nBecause there are fewer bonus features, wins on classic slots rely more heavily on base game payouts."
      },{
        "heading": "Classic Slots with Jackpots",
        "data": "Some classic slots include fixed jackpots or even progressive jackpots, although they're less common than in video slots.\n● Fixed Jackpot Slots: These award a set top prize when the highest-paying symbol combo lands.\n● Progressive Classic Slots: Some modern classic slots are linked to progressive jackpots, adding excitement while preserving the old-school feel.\nNote: Often, only players wagering the maximum number of coins are eligible for the jackpot."
      },{
        "heading": "Final Thoughts",
        "data": "Classic slots are all about simplicity, speed, and nostalgia. They're ideal for players who:\n● Enjoy vintage aesthetics\n● Prefer straightforward gameplay\n● Don't want to deal with bonus rules or complex mechanics\nTips:\n● Always check the paytable before playing\n● Use maximum coin bets if chasing a jackpot\n● Stick to your budget and play responsibly"
      }
    ]
}