{
    "title": "Slots: Complete Guide",
    "overview": [
      {
        "heading": "What Are New Slots?",
        "data": "New slots are the latest online slot releases from leading software providers like NetEnt, Play'n GO, Microgaming, Pragmatic Play, and others. These games feature fresh themes, innovative mechanics, enhanced graphics, and often come with improved payout structures.\nCasinos regularly add new slot games to keep their platforms exciting and competitive. Whether you're looking for higher RTPs, exciting features, or trending themes (e.g., mythology, space, ancient Egypt), new slots bring modern experiences to the classic spinning format."
      },{
        "heading": "Why Play New Slots?",
        "data": "New slots aren't just a marketing gimmick—they're designed with cutting-edge technology and player preferences in mind. Many of them include features that older slots lack, such as dynamic paylines, cascading reels, buy bonus options, or Megaways™ mechanics.\nPros\n● Latest features like expanding reels, sticky wilds, and interactive bonuses\n● Frequently come with better Return to Player (RTP) rates\n● Innovative designs and animations\n● Often part of launch promotions (free spins, boosted jackpots)\nCons\n● May have untested volatility\n● Some new mechanics can be complex for beginners\n● Can be temporarily unstable on certain devices right after release"
      },{
        "heading": "Key Features of New Slot Games",
        "data": "Modern slot releases often include a range of innovative features:\n● Megaways™ Mechanics: Thousands of ways to win with each spin\n● Bonus Buy: Buy your way into the bonus round instead of waiting to trigger it\n● Cluster Pays: Win by forming clusters of symbols instead of standard paylines\n● XP or Level Systems: Progress through game levels for bigger rewards\n● Jackpot Integration: New slots may also include progressive jackpots\n● High-Definition Graphics & Sound: Designed for immersive play on mobile and desktop"
      },{
        "heading": "How to Find the Best New Slots",
        "data": "Finding the best new slots means looking beyond flashy titles. Here's what to check:\n1. RTP (Return to Player): Look for RTPs above 96%\n2. Volatility: High volatility = big wins less often; low = smaller wins more frequently\n3. Theme & Aesthetics: Choose themes you enjoy – from Viking battles to disco dance floors\n4. Provider Reputation: Stick with reliable studios like NetEnt, ELK Studios, and Relax Gaming\n5. Reviews & Demo Play: Try demo versions before committing to real money"
      },{
        "heading": "Top New Slot Releases in 2025",
        "data": "Some of the most exciting new slot releases in 2025 include:\n● Vikings Unchained by Play'n GO, which features expanding reels and wild multipliers with an impressive RTP of 96.6%, making it one of the standout games of Q1 2025.\n● Space Oddity from Pragmatic Play offers a visually stunning experience with Cluster Pays mechanics and a Free Spins Galaxy feature, boasting a solid RTP of 96.4% and launched in Q2 2025.\n● Book of Elements by NetEnt brings a magical twist to the classic \"book\" slot format, complete with mystery expanding symbols and an RTP of 96.1%, released in Q2 2025.\n● Wild Tokyo Nights by ELK Studios immerses players in a neon-lit adventure, combining sticky wilds and re-spins, with a 96.3% RTP, also released in Q1 2025.\n● Jackpot Dunes by Red Tiger takes players to a treasure-filled desert with a linked progressive jackpot system and an RTP of 95.8%, making its debut in Q2 2025."
      },{
        "heading": "Why Casinos Promote New Slot Games",
        "data": "Casinos often feature new slot games on their homepage and run exclusive launch promos because:\n● They attract returning players looking for something fresh\n● Software providers and casinos collaborate on special offers (e.g., free spins, tournaments)\n● New slots often offer higher engagement, helping casinos keep retention high"
      },{
        "heading": "Tips for Playing New Slots",
        "data": "● Start in Demo Mode: Understand the mechanics before wagering real money\n● Check volatility: Avoid high variance games if you're on a tight budget\n● Use bonuses wisely: Take advantage of welcome offers tied to new games\n● Set limits: New game excitement can lead to overspending—stay disciplined"
      }
    ]
}