{
    "title": "Slots: Complete Guide",
    "overview": [
      {
        "heading": "What Are Progressive Slots?",
        "data": "Progressive slots are a type of slot machine where the jackpot increases incrementally every time the game is played but the top prize is not won. Once someone wins the jackpot, it resets to a predetermined base amount and begins growing again with each bet placed.\nWhat makes progressive slots exciting is the potential for massive wins, sometimes reaching into the millions. These games are usually part of a network, pooling contributions from multiple casinos or machines."
      },{
        "heading": "Why Play Progressive Slots?",
        "data": "Progressive slots offer life-changing jackpots that aren't usually available in classic or even video slots. While the odds of hitting the jackpot are lower, the thrill of the big win keeps players coming back.\nPros\n● Chance to win huge, often seven-figure jackpots\n● Adds excitement with every spin\n● Available in many themes and styles\n● Can be standalone or part of a large network\nCons\n● Jackpot odds are very low\n● Base game payouts may be lower than other slots\n● Often require maximum bets to qualify for the jackpot"
      },{
        "heading": "How Do Progressive Jackpots Work?",
        "data": "Progressive jackpots accumulate based on a small percentage of each bet placed by players. The jackpot continues to grow until one lucky player lands the jackpot-winning combination, triggering the top prize.\nThere are three types of progressive jackpots:\n1. Standalone Progressives\nThese are tied to a single game on a single machine or site. The jackpot grows only from that one game.\n2. Local Progressives\nThese connect multiple machines within the same casino or brand. The jackpot grows faster and tends to be larger than standalone progressives.\n3. Networked (Wide-Area) Progressives\nThese are linked across many casinos and platforms. This is how jackpots reach multi-million dollar values. Examples include Mega Moolah and Mega Fortune."
      },{
        "heading": "How to Play Progressive Slots",
        "data": "Step 1: Sign up or log in at a reputable online casino with progressive slots.\nStep 2: Choose a progressive slot title from the game lobby.\nStep 3: Set your wager. Always check whether maximum bet is required to qualify for the jackpot.\nStep 4: Click spin and play. Your goal is to land the specific combination that triggers the jackpot (this varies by game).\nStep 5: If you hit the jackpot combination, you win the accumulated prize pool."
      },{
        "heading": "Features to Look for in Progressive Slots",
        "data": "● Jackpot Amount: Displayed on the screen and often changes in real time.\n● Bet Requirements: Some games require you to bet the maximum to be eligible for the jackpot.\n● Bonus Rounds: Some jackpots are won through random triggers or special bonus games.\n● Game Volatility: Progressive slots often have higher variance, meaning wins can be less frequent but bigger."
      },{
        "heading": "Best Progressive Slot Titles (2025 Picks)",
        "data": "Some of the most trusted and popular progressive slot games include:\n● Mega Moolah (by Microgaming): Known for record-breaking jackpots\n● Divine Fortune (by NetEnt): A popular progressive with frequent mid-sized payouts\n● Wheel of Wishes (by Alchemy Gaming): Offers a WowPot progressive jackpot\n● Hall of Gods (by NetEnt): A myth-themed slot with huge payouts\n● Age of the Gods: Jackpot Series (by Playtech): Includes several linked games with progressive wins"
      },{
        "heading": "Tips for Playing Progressive Slots",
        "data": "● Read the paytable and rules to understand how the jackpot works\n● Bet max coins if needed to be eligible for the progressive\n● Play for entertainment, not guaranteed wins\n● Set a strict budget, as chasing big jackpots can lead to large losses\n● Know when to walk away, especially after long losing streaks"
      }
    ]
}