{
    "title": "Slots: Complete Guide",
    "overview": [
      {
        "heading": "What Are Video Slots?",
        "data": "Video slots are a modern and dynamic form of online slot machines. Unlike traditional mechanical slots, video slots are fully digital, featuring immersive graphics, animations, soundtracks, and interactive bonus rounds.\nThey are typically themed — covering everything from TV shows, movies, mythology, fantasy, sci-fi, luxury, adventure, and much more. Whether you're a fan of simple layouts or complex, multi-featured games, there's a video slot out there to match your style."
      },{
        "heading": "Why Play Video Slots?",
        "data": "According to gaming expert Hannah Smith, video slots offer players more excitement, visual appeal, and interactive opportunities than most other slot variants.\nPros\n● Modern graphics and immersive sound effects\n● Thousands of themes to match your interests\n● Bonus rounds and free spins enhance gameplay\n● More paylines, increasing your chances to win\nCons\n● Can be overwhelming due to the sheer variety\n● May require more time to learn compared to classic slots"
      },{
        "heading": "How to Play Video Slot Machines",
        "data": "Step 1: Choose a Casino\nVisit a licensed online casino or open its mobile app.\nStep 2: Select a Game\nBrowse the slot section and pick your favorite video slot.\nStep 3: Set a Budget\nDecide how much you're willing to spend before starting.\nStep 4: Review the Paytable\nCheck for symbol values, wilds, scatters, and bonus triggers.\nStep 5: Choose Your Bet and Paylines\nSelect your bet amount and number of paylines, or choose \"Max Bet.\"\nStep 6: Spin the Reels\nPress the spin button and watch the reels turn.\nStep 7: Check for Wins\nIf winning combinations land on active paylines, winnings are awarded.\nStep 8: Play Responsibly\nKeep track of your bankroll and stop when needed."
      },{
        "heading": "How to Win at Video Slots",
        "data": "Video slots are games of chance and rely on Random Number Generators (RNGs) to ensure fairness. To win, you generally need:\n● Matching symbols across an active payline\n● Bonus features like free spins, mini-games, or wild multipliers\nBefore playing, always:\n● Review the paytable to identify high-paying symbols\n● Check the RTP (Return to Player) percentage – the higher, the better"
      },{
        "heading": "Video Slots with Jackpots",
        "data": "Jackpots are one of the biggest attractions of video slots. They come in two main types:\nFixed Jackpots\n● Offer a set top prize\n● Easier to win, but usually smaller than progressives\nProgressive Jackpots\n● Increase in value as more players place bets\n● Often require triggering a special bonus round to win\n● Can be life-changing when hit"
      },{
        "heading": "Final Thoughts",
        "data": "Video slots are ideal for players who enjoy:\n● Themed and visually rich gameplay\n● A wide variety of bonus features\n● A shot at hitting big jackpots\nTips:\n● Always read the rules and paytable before playing\n● Check the RTP to understand your expected return\n● Stick to your budget for a fun and safe experience\nWould you like this formatted into a downloadable PDF or need recommendations for the best video slots available in 2025?"
      }
    ]
}