{
    "title": "Games: Complete Guide",
    "overview": [
      {
        "heading": "Online Bingo: How to Play, Types, and Where to Play Safely",
        "data": "Online bingo works similarly to traditional bingo — the goal is to mark off all your numbers to win a prize. Since moving online, bingo has evolved dramatically with new variations and exciting features for players."
      },
      {
        "heading": "✅ Top Bingo Sites: Play at Trusted Bingo Rooms",
        "data": "When choosing an online bingo site, your top priority should be safety and licensing. Every platform we recommend has been verified for proper regulation, ensuring you're playing at a secure and fair casino.\n🎯 Tip: Always confirm the site has a valid gambling license before depositing real money."
      },
      {
        "heading": "🎮 How to Play Bingo Online: Rules Explained",
        "data": "Online bingo replicates the classic experience but adds flexibility, variety, and fun interactive features like chatroom games and bigger prizes.\n🧾 Basic Steps:\n1. Buy bingo cards based on your budget.\n2. Join a bingo room with your desired game type and prize level.\n3. Match numbers on your card with those drawn.\n4. Call bingo if you're first to complete the winning pattern (auto-called on most sites).\n🏆 Common Winning Patterns:\n● Four Corners: Mark off all four corners of your card.\n● Line: Complete a horizontal line before anyone else.\n● Full House: Mark off every number on the card to win the grand prize."
      },
      {
        "heading": "🎲 Types of Bingo Games Online",
        "data": "90 Ball Bingo\n● Most popular and widely played version\n● 3 horizontal lines per card, numbers from 1–90\n● Win by getting a line, two lines, or a full house\n75 Ball Bingo\n● Played on a 5x5 grid with a free center square\n● Multiple winning patterns (lines, four corners, full house, custom shapes)\n80 Ball Bingo\n● Played on a 4x4 grid with 16 numbers\n● Numbers divided into color-coded columns\n● Offers multiple win types: lines, patterns, four corners, full house\n30 Ball Bingo\n● Fast-paced, minimal version\n● 3x3 grid, numbers 1–30\n● Great for quick games and mobile play"
      },
      {
        "heading": "📊 What Are the Odds of Winning at Bingo?",
        "data": "The more cards you buy, the higher your chances — but always gamble responsibly.\n🎯 Example:\n● 1 card out of 10 total: 10% chance\n● 5 cards out of 20 total: 25% chance\nOdds improve the more numbers are called, especially in full-house games."
      },
      {
        "heading": "🎁 Online Bingo Bonuses",
        "data": "Many casinos offer exclusive bingo bonuses, often separate from standard slot offers. Common bonus types include:\n● Welcome Bonuses: Matched deposits for new players\n● Free Bingo Tickets: Entry into specific bingo games or rooms\n● Loyalty Rewards: Earn perks and points by playing regularly\n● No Deposit Bonuses: Try the game before depositing\n🔍 Always check T&Cs — not all casino bonuses can be used on bingo."
      }
    ]
}