{
    "title": "Games: Complete Guide",
    "overview": [
      {
        "heading": "How Do Card Games Work? Learn Rules, Types, and Best Casino Options",
        "data": "Card games are among the most popular gambling choices at online and land-based casinos. Whether you enjoy classic Blackjack, sophisticated Poker, or fast-paced Three-Card variants, all card games share a fundamental principle: each player can see only their own hand, and every card's identity is hidden from others — making strategy, bluffing, and luck central elements. Cards are uniform in size and appearance on the back, and the deck's composition is known to all. However, once the cards are dealt, the strategic mystery begins."
      },
      {
        "heading": "🃏 Types of Card Games",
        "data": "Card games vary by objective and gameplay. Here are the main categories:\n🎯 Trick-Taking Games: Each hand consists of a series of “tricks,” or rounds, where players play one card each. The winner of each trick is determined by card hierarchy.\nPopular examples:\n● Whist\n● Spades\n● Tarot\n● Pinochle\n📤 Shedding Games: The goal is to be the first to discard all your cards. Great for casual play and often used in party settings.\nPopular examples:\n● Crazy Eights\n● Old Maid\n● Uno\n● President\n🧘 Patience (Solitaire) Games: Solo games focused on arranging the deck in order. Multiplayer versions shift toward shedding or melding objectives.\nPopular examples:\n● Classic Solitaire\n● Spider Solitaire\n● Freecell\n🔗 Melding Games: Players aim to create valid combinations (melds) such as runs or sets. Success is based on both luck and timing.\nPopular examples:\n● Rummy\n● Gin Rummy\n● Canasta\n🏦 Banking Games: Casino-style games where players bet against the dealer, not against each other. Strategy can improve odds.\nPopular examples:\n● Blackjack\n● Baccarat\n🧠 Vying Games: These games involve bluffing and reading opponents. Victory isn't always about the best hand — it’s about convincing others you have it.\nPopular examples:\n● Poker (all variants)\n● Brag"
      },
      {
        "heading": "🥇 Most Popular Casino Card Games",
        "data": "Let’s explore the top card games you’ll find at modern online and land-based casinos:\n♣️ Blackjack: The ultimate casino classic. Get closer to 21 than the dealer without going over.\n● Cards 2–10 = face value\n● Face cards = 10\n● Ace = 1 or 11\nPro Tip: Master basic strategy to reduce the house edge to under 1%.\n♥️ Poker: The king of vying games. Aim to create the best 5-card hand or bluff your way to victory.\nHand hierarchy (weakest to strongest):\n● High Card → One Pair → Two Pair → Straight → Flush → Full House → Four of a Kind → Straight Flush → Royal Flush\nVariants: Texas Hold’em, Omaha, Stud, and more.\n🎥 Video Poker: Digital version of 5-card draw. You're dealt five cards and can exchange any to form a winning hand. Payouts are based on paytables.\nIdeal for: Poker beginners wanting solo, low-pressure gameplay.\n🎴 Baccarat: Two hands are dealt: the Player and the Banker. You bet on which will get closest to 9.\n● Face cards & 10 = 0\n● Aces = 1\n● 2–9 = face value\nBanker has a slight edge, winning ~51% of the time (excluding ties).\n🤠 Texas Hold’em: Each player gets 2 hole cards; 5 community cards are dealt in stages. Build the best 5-card hand using any combination. Highly strategic — ideal for skilled players and bluffing masters.\n🔺 Three-Card Poker: Player vs. dealer format. Both receive 3 cards. Bet, fold, or raise based on your hand. Dealer must have Queen-high or better to qualify. Payouts vary by hand rank.\n🧥 Stud Poker: Each player gets 3 face-down cards, dealer places 2 face-down cards. Combine your hand with the dealer’s to make the best 5-card combo. Key feature: 'Let it ride' option after seeing partial dealer cards."
      },
      {
        "heading": "🎯 Which Casino Card Games Have the Best Odds?",
        "data": "If you’re focused on winning, here’s how the top card games stack up for player odds:\nCard Game Win Odds (Approx.) House Edge\nBlackjack 49% < 1%\nBaccarat 45.8% (Banker) 1.06% (Banker)\nThree-Card Poker 44.91% (Player) ~3.4%\nTexas Hold’em Varies (Skill-based) Skill-based\n✅ Blackjack is statistically the best casino card game for consistent returns."
      },
      {
        "heading": "💰 Card Games: Free vs. Real Money",
        "data": "🆓 Free Card Games: Best for beginners who want to learn and test strategies.\nPros:\n● Risk-free learning\n● Same game mechanics as paid versions\n● No pressure\nCons:\n● No real payouts\n💵 Real Money Card Games: Where the thrill — and risk — begins.\nPros:\n● Win real cash\n● High excitement\n● Better engagement\nCons:\n● You can lose money\n● Requires discipline and strategy\n🎓 Start free, then move to real money when confident."
      },
      {
        "heading": "🔧 Top Card Game Providers",
        "data": "Choosing the right software developer ensures fairness, smooth gameplay, and stunning design. Here's a breakdown:\n🎥 Live Dealer Card Game Providers:\n● Evolution Gaming\n● Ezugi\n● SA Gaming\n● Pragmatic Play Live\n💻 Digital Card Game Developers:\n● NetEnt\n● Playtech\n● Betsoft\n● Red Rake Gaming\n🧪 Try free versions from each provider to discover your personal favorite."
      }
    ]
}