{
    "title": "Games: Complete Guide",
    "overview": [
      {
        "heading": "🎰 Ultimate Guide to Online Casino Games: How They Work, Types, Odds & How to Play",
        "data": "Whether you're into blackjack, poker, live casino games, or slots, you can find the best online casino games right here at MrGamblers and enjoy them at your favourite licensed online casino. Discover all there is to know about casino games — their types, odds, strategies, and which ones offer the best chances to win."
      },{
        "heading": "What Are Casino Games?",
        "data": "Casino games are primarily games of luck that can be played in both land-based and online casinos. They give players the opportunity to win real money — one of the main attractions of the experience.\nWhile most games rely on chance, several (especially table and card games) involve a degree of skill. Each game has its own set of strategies that players can learn to increase their chances of success. From social interaction in land-based venues to the vast selection of online games, the entertainment factor remains constant."
      },{
        "heading": "How Do Casino Games Work?",
        "data": "All casino games work in favour of the \"house\" in the long run, providing casinos a statistical edge. However, players can still win over short-term sessions.\nThere are three broad categories of casino games:\n● Gaming machines: Like slots or pachinko, relying solely on chance.\n● Table games: Like blackjack and poker, blending skill and luck.\n● Random number games: Based entirely on RNGs (Random Number Generators), such as keno or lotteries.\nFor example, roulette is a hybrid: it involves both random numbers and social skill, offering a classic experience."
      },{
        "heading": "Different Types of Casino Games",
        "data": "You can choose from a wide array of game categories, including:\n● 🎰 Slots – Classic, video, progressive jackpots, megaways, bonus buys\n● ♠️ Card Games – Blackjack, poker, baccarat\n● 🎲 Dice Games – Craps, Sic Bo\n● 🎱 Table Games – Roulette, various card-based games\n● 🎟 Lottery & Keno\n● 🔢 Bingo\nEach category comes with multiple variants, providing fresh experiences even within the same genre."
      },{
        "heading": "Top Casino Games You Can Play Online",
        "data": "🎰 Slot Machines\nSlot machines are among the most popular online casino games. Powered by RNGs, they are simple to play and come in thousands of themes, mechanics, and payline setups.\n🃏 Poker\nPoker games like Texas Hold'em require both skill and strategy. Online variants include live poker, video poker, and tournament-based entries.\n♠️ Blackjack\nWith one of the lowest house edges (around 0.5% with the right strategy), blackjack is a top pick for skilled players.\n🎡 Roulette\nRoulette offers straightforward betting options and two popular variants: European (single zero) and American (double zero).\n💰 Baccarat\nKnown for its simplicity, baccarat allows bets on the player, banker, or a tie. It's a high-stakes favourite among VIP players.\n🎲 Craps\nCraps is a high-energy dice game with simple street versions and more elaborate casino setups, available live or virtual.\n🎱 Keno & Lottery Games\nThese are pure chance games with long odds but the thrill of big wins, often used for casual entertainment.\n🔢 Bingo\nBingo games are easy to join, widely played, and offer both social engagement and prize potential."
      },{
        "heading": "Casino Games with the Best Winning Potential",
        "data": "Some games statistically offer better chances to win. Here's what to know:\n✅ Games with the Best Odds\n● Blackjack – ~42% win chance per hand; house edge as low as 0.5% with optimal play.\n● Roulette (European) – Offers ~48.7% chance on red/black bets.\n🚫 Games with the Worst Odds\n● Lottery & Keno – Extremely low chances of winning. They're fun, but not reliable for returns.\n📊 Games with the Highest Win Rate\n● Video Poker & Blackjack – Over 98% win rate.\n● Baccarat – Up to 98.76% depending on variant.\n● Top RTP Slots:\n○ Mega Joker (99%)\n○ Blood Suckers (98%)\n○ Ultra Stack Feature Rose (97.93%)"
      },{
        "heading": "Strategy-Based vs. Luck-Based Games",
        "data": "● Strategy-Based: Blackjack, poker, baccarat — where player decisions influence outcomes.\n● Luck-Based: Slots, roulette, lottery — based purely on RNG and chance."
      },{
        "heading": "Free vs. Real Money Casino Games",
        "data": "● Free Games: Risk-free, ideal for practice and fun.\n● Real Money Games: Adds thrill, real rewards, and real risk."
      },{
        "heading": "Why Play Free Games?",
        "data": "● Test game mechanics and volatility\n● Practice strategies\n● Explore game features with no financial risk"
      },{
        "heading": "How to Play Casino Games Online",
        "data": "To start playing at an online casino:\n1. Select a licensed online casino (find one on MrGamblers)\n2. Create and verify your account\n3. Claim the welcome bonus\n4. Make your first deposit\n5. Start playing your favourite games\nEnsure your chosen site is SSL-secured and offers safe payment methods."
      },{
        "heading": "Understanding RNG in Online Casino Games",
        "data": "RNGs (Random Number Generators) are algorithms that produce random outcomes. This ensures fairness in games like slots, roulette, and video poker.\nTop independent agencies like eCOGRA, iTech Labs, and GLI test these systems."
      }
    ]
}