{
    "title": "Games: Complete Guide",
    "overview": [
      {
        "heading": "Online Lottery Games: Keno, Bingo, Slingo & More",
        "data": "There are various types of lottery-style games available in online casinos today — from keno and bingo to slingo and traditional online lottery. Each has its own rules, features, and bonus options. Learn about each one below."
      },{
        "heading": "🔝 Top Online Lottery Games",
        "data": "While classic table games like roulette and blackjack remain popular, lottery games have carved out a space for players looking for fun, chance-based excitement.\n🎰 Keno\nKeno is a lottery-style game that originated in China. Players choose numbers from 1 to 80, then wait for 20 random numbers to be drawn. Your payout depends on how many matches you get and how much you wagered.\n🎱 Bingo\nOnline bingo mimics traditional bingo — numbers are drawn randomly, and players mark off their virtual cards. The first to complete the required pattern wins. Unlike traditional bingo halls, online bingo uses random number generators (RNGs) for drawing.\n🎲 Slingo\nSlingo combines slots and bingo. Players receive a 5x5 grid and spin a slot reel beneath the board to match numbers. The goal is to complete lines or specific patterns, with added features like wilds and bonuses.\n🎟 Lottery\nOnline lottery is the digital version of traditional lotto games. Players pick numbers and await a draw to see if they've won — all from within their casino account."
      },{
        "heading": "📌 How to Play Online Lottery Games",
        "data": "Playing these games is straightforward, but here's a quick guide:\n1. Choose a Game: Decide whether you want to try keno, slingo, bingo, or online lottery.\n2. Select Numbers: Some games require number selection; others assign them automatically.\n3. Wait for the Draw: Numbers are drawn, and wins are calculated based on matches and bonus criteria."
      },{
        "heading": "💰 Bonuses for Online Lottery Games",
        "data": "While most bonuses are geared toward slots, some casinos offer exclusive bonuses for lottery-style games:\n● 🎁 No Deposit Bonuses: Get a small credit or spins just for signing up.\n● 🎁 Welcome Bonuses: Receive bonus credit on your first deposit — perfect for trying multiple lottery games.\n● 🎁 Reload Bonuses: Offered to existing players for topping up their balance.\n🔍 Tip: Always check if the bonus terms include lottery games, as some may be restricted to slots."
      },{
        "heading": "💸 Payouts for Online Lottery Games",
        "data": "Each game has different prize structures:\n● Keno: Scaled payouts based on matches\n● Slingo & Bingo: Set prize levels based on game types and patterns\n● Lotto: Offers massive jackpots but lower odds\nEven without hitting the jackpot, partial wins and secondary prizes are common, keeping things rewarding."
      },{
        "heading": "📱 Mobile Lottery Gaming",
        "data": "Mobile devices make lottery gaming more accessible than ever. Whether through apps or mobile-optimized sites, you can enter draws, spin slingo reels, or play keno on the go — with real-time updates and instant results."
      },{
        "heading": "📝 Popular Online Lottery Games at a Glance",
        "data": "● Keno – Fast-paced number selection and matching\n● Bingo – Classic group play with real-time rooms and chat\n● Slingo – Slot-meets-bingo hybrid\n● Online Lottery – Digital version of national or local draws\nWe hope this helped you understand what makes each online lottery game unique. Whether you're in it for fun, prizes, or both — best of luck!"
      }
    ]
}