{
    "title": "Games: Complete Guide",
    "overview": [
      {
        "heading": "Everything You Need to Know About Online Poker",
        "data": "Poker is one of the most accessible and popular games in the world, whether played casually at home or professionally in high-stakes tournaments. This guide will help you understand everything about online poker — from its variations to strategies, bonuses, and where to play."
      },{
        "heading": "🎯 What Is Online Poker?",
        "data": "Online poker is the digital version of traditional poker played over the internet. Players can join poker rooms, enter tournaments, or play cash games from any device, with varying stakes, formats, and speeds.\nMost online poker rooms offer multiple versions of the game, including both beginner-friendly and high-stakes options, making it ideal for players of all skill levels."
      },{
        "heading": "🃏 Popular Types of Online Poker",
        "data": "Texas Hold 'em\n● The most popular format, known as \"The Cadillac of Poker\"\n● Each player receives 2 hole cards and must make the best hand using 5 community cards\n● Offered in No-Limit, Pot-Limit, and Fixed-Limit formats\nFive-Card Draw\n● Classic poker format, often seen in movies\n● Each player is dealt 5 cards and can discard and replace cards to improve their hand\n● Objective: Create the best 5-card poker hand after one draw\nOmaha Hi/Lo\n● Players receive 4 hole cards and must use exactly 2 with 3 community cards\n● Pot is split between highest and lowest qualifying hands\n● More strategic depth than Hold ’em\nSeven-Card Stud\n● No community cards; players are dealt a combination of face-up and face-down cards\n● Was the most popular format before Texas Hold 'em\n● Requires excellent memory and observation skills\nRazz\n● Variation of Stud Poker\n● Objective: Make the lowest five-card hand possible\n● Often played with fixed-limit betting\nHORSE (Mixed Games)\n● Rotates between 5 poker formats: Hold 'em, Omaha Hi/Lo, Razz, Seven Card Stud, Stud Hi-Lo\n● Tests a wide range of poker skills\n● Common in high-stakes tournaments\nPai Gow Poker\n● A blend of the traditional Chinese game Pai Gow and poker\n● Played with 7 cards to form a \"high\" and \"low\" hand\n● Includes a joker, adding a unique twist\nCaribbean Stud Poker\n● Casino-style poker where you play against the house, not other players\n● Based on five-card stud rules\n● Involves an ante and dealer qualification\nCasino Hold'em Poker\n● Similar to Texas Hold 'em but played against the dealer\n● Fast-paced and ideal for players who enjoy casino-style games\nVideo Poker\n● Combines poker strategy with slot machine aesthetics\n● Based on five-card draw\n● One of the few casino games where skill influences the outcome"
      },{
        "heading": "🔥 Why Play Poker Online?",
        "data": "1. Convenience\nPlay from your phone, laptop, or tablet anytime — no need to travel or wait for a seat.\n2. Multi-Table Action\nPlay on multiple tables at once to increase your volume and potential profits.\n3. No Physical Poker Tells\nNo need to worry about opponents reading your facial expressions or mannerisms.\n4. 24/7 Availability\nOnline poker sites operate around the clock, offering action at any hour from anywhere in the world."
      },{
        "heading": "🎓 Boost Your Poker Skills with These Tips",
        "data": "1. Play Fewer Hands, More Aggressively\nDon't play every hand. When you play, bet strong.\n2. Use Semi-Bluffs Strategically\nBluff only when you have outs to improve your hand if called.\n3. Pay Attention to Opponent Weakness\nIf your opponent checks or shows hesitation, attack with a raise.\n4. Know the Rake Structure\nRake is a small fee taken from pots — understanding it helps you manage your profits.\n5. Position Matters\nAct last whenever possible. It gives you more information before making decisions."
      },{
        "heading": "🎁 Poker Bonuses: What You Can Get",
        "data": "Online poker rooms offer various bonuses to attract and retain players:\n💵 Match Bonus\n● Matches your deposit 100% or more (e.g., Deposit $50, Get $50 Free)\n🎉 No Deposit Bonus\n● Start playing for free with bonus money after registration — no deposit needed\n🎟 Tournament Tickets\n● Free entries to scheduled or sit-n-go tournaments\n● Win real money without spending your own\n🔁 Reload Bonuses\n● Offered on subsequent deposits to reward loyalty\n👑 VIP Bonuses\n● Earned through frequent play or high deposit volumes\n● Often includes cashback, exclusive entries, or merchandise\n󰰁 Referral Bonuses\n● Invite friends to sign up and earn rewards based on their activity"
      },{
        "heading": "🏆 Best Online Poker Tournaments",
        "data": "Top tournament sites include:\n1. PokerStars – Home to massive tournaments like the Sunday Million\n2. William Hill Poker – Regular events and great software\n3. 888 Poker – Great for beginners, huge tournament variety\n🎯 Notable Event: Sunday Million 14th Anniversary (2020) had a prize pool of $18.6 million"
      }
    ]
}