{
    "title": "Games: Complete Guide",
    "overview": [
      {
        "heading": "Everything You Need to Know About Online Slots",
        "data": "The online slot gaming world is evolving rapidly, and it's easy to feel overwhelmed by the sheer volume of new games and features. That's where platforms like AskGamblers come in—offering a complete, up-to-date guide to help you discover the most popular games, features, strategies, and platforms."
      },{
        "heading": "💡 What Are Online Slots?",
        "data": "Online slots are digital versions of traditional slot machines. Players spin virtual reels and aim to match symbols on one or more paylines. These games range from simple 3-reel classics to elaborate video slots with thousands of ways to win, bonus rounds, animations, and cinematic themes.\n🔎 Want to learn more about mechanics? Check out our guide on how slot machines work."
      },{
        "heading": "🧩 Types of Online Slots",
        "data": "With endless variations, online slots are often categorized by features, paylines, or platform compatibility. Here's a breakdown of the most common types:\n🎞 Classic Slots\n● 3 reels and minimal paylines\n● Symbols: Fruits, Bars, Sevens\n● Inspired by the original Liberty Bell machine\n● Simple gameplay, nostalgic design\n🖥 Video Slots\n● 5+ reels with enhanced graphics and sound\n● Bonus features like Free Spins, Multipliers, Expanding Wilds\n● Dozens of paylines and winning combos\n💰 Progressive Jackpot Slots\n● Jackpots increase with every player bet across a shared network\n● Potential for massive wins (e.g., Mega Moolah)\n● Triggered randomly or via bonus games\n🕶 3D Slots\n● Feature cutting-edge graphics and animation\n● Provide an immersive, interactive experience\n● Often themed with cinematic intros and storylines\n📱 Mobile Slots\n● Optimized for smartphones and tablets\n● Instant play via browser or casino app\n● Same features as desktop versions\n🪙 Penny Slots\n● Low-cost entry; bets start at $0.01 per line\n● Often require minimum bets across multiple paylines\n● Ideal for casual or budget players\n🤖 Android Slots & 🍎 iPhone Slots\n● Tailored for Android and iOS platforms\n● Accessible via native apps or responsive websites\n● Offers full functionality and real-money gameplay"
      },{
        "heading": "🎲 Slot Features and Mechanics",
        "data": "Understanding how slots work can help you make informed bets and enjoy the game more fully.\n🎡 What Are Slot Reels?\n● Vertical spinning columns (usually 3 to 6)\n● Each reel contains a variety of symbols\n● More reels = more complexity and winning potential\n➿ What Are Slot Paylines?\n● Defined lines across reels that determine wins\n● Can be fixed or adjustable\n● Ranges from 1 line up to 117,649 ways to win (Megaways)\nCommon Payline Counts:\n● 3, 5, 9, 10, 20, 25, 30, 50, 100\n● 243 Ways to Win\n● 1,024 Ways to Win\n● Megaways (e.g., 117,649 ways)\n🎭 Slot Themes\nSlot themes give the game its character and mood. Common themes include:\n● 🐉 Asian Slots\n● 🐅 Animal Slots\n● 󰬬 Pirate Slots\n● 🗿 Aztec/Mayan Slots\n● 🏺 Egyptian Slots\n● 📺 TV & Movie Slots\n● 🏅 Sports Slots\n● 🧭 Adventure Slots\n💡 Players choose themed slots based on personal interest—just like choosing a movie genre."
      },{
        "heading": "🔣 Slot Symbols & Special Features",
        "data": "Each symbol plays a role in how the slot performs and pays:\n🔹 Standard Symbols\n● Basic symbols that pay low to moderate values\n🃏 Wild Symbols\n● Substitute for most other symbols (except Scatters)\n● May include: Sticky Wilds, Expanding Wilds, Shifting Wilds\n💥 Scatter Symbols\n● Trigger bonus rounds or Free Spins\n● Pay even when not on a payline\n🎁 Bonus Symbols\n● Unlock mini-games or bonus features\n● Often need to land on specific reels\n🔢 Multiplier Symbols\n● Multiply your winnings (e.g., 2x, 5x, or 10x multipliers)"
      },{
        "heading": "🎯 Benefits of Playing Online Slots",
        "data": "● 🧠 No Skill Required: Slots are based on RNG (Random Number Generator)\n● 💸 Higher Payout Ratios: Some online slots offer 10,000x or more\n● 🎨 Superior Graphics: Visual effects enhance entertainment\n● 🚀 Innovative Features: Wild modifiers, expanding reels, cascading wins\n● 🎮 Free Play Mode: Try before you bet with real money"
      },{
        "heading": "🤑 How to Win Real Money on Slots",
        "data": "Winning on slots is random, but smart play can help you get more value from each spin:\n1. ✅ Understand the Mechanics: Study new slot formats before playing.\n2. 📊 Check the RTP (Return-to-Player): Aim for slots with RTP of 96% or higher.\n3. 🗺 Read the Paytable: Learn how each symbol pays and what triggers bonuses.\n4. 🧪 Use Free Play First: Test slots before betting real money.\n5. 💼 Manage Your Bankroll: Set spending limits and stick to them.\n6. 🎁 Claim Bonuses: Free Spins and match bonuses give you more play for less."
      },{
        "heading": "🎁 Casino Bonuses for Slot Players",
        "data": "🎟 Free Spins\n● Bonus rounds without needing to pay\n● Often part of welcome offers\n● Subject to wagering requirements\n💳 No Deposit Bonuses\n● Play games for free and win real cash\n● No deposit needed\n● Great for testing new slots"
      },{
        "heading": "🌍 Online Slots by Country",
        "data": "Every country has unique rules for online slots. Whether you're in the UK, US, Canada, Australia, or New Zealand, make sure the casino is licensed in your jurisdiction to ensure secure gameplay, transparency, and proper taxation (if applicable)."
      },{
        "heading": "🛠 Online Slots by Software Provider",
        "data": "Want to play from trusted developers? Filter games by top providers like:\n● 🎰 NetEnt\n● 🎰 Playtech\n● 🎰 Microgaming\n● 🎰 Pragmatic Play\n● 🎰 Yggdrasil\n● 🎰 Wazdan\n● 🎰 Relax Gaming\n● 🎰 Novomatic\n🧠 Each provider has its unique graphic style, feature set, and volatility level"
      },{
        "heading": "💳 Online Slots by Payment Method",
        "data": "Most online casinos support a wide variety of payment methods for deposits and withdrawals. Popular options include:\n● 💳 Visa / MasterCard\n● 🅿 PayPal\n● 💼 Neteller / Skrill\n● 💶 Paysafecard\n● 🌐 EcoPayz\n● 🪙 Cryptocurrencies (e.g., Bitcoin, Ethereum)"
      },{
        "heading": "🔍 Find the Best Slot for You",
        "data": "Not sure where to start? Browse our comprehensive slot reviews, updated daily. Each review includes:\n● 🎮 Number of Reels & Paylines\n● 🎭 Theme and Visual Design\n● 💥 Special Features\n● 📈 RTP and Volatility\n● 🎁 Bonus Rounds and Free Spins"
      },{
        "heading": "📚 Learn More: Slot Tips & Strategy",
        "data": "Though luck-driven, understanding concepts like volatility, hit frequency, and RTP can help optimize your experience. Read our expert blog on:\n● 📊 Slot Variance Explained\n● 🎰 Are Slot Machines Rigged?\n● 💡 Which Slots Have the Best Payouts?\n● 📏 How to Track Wins and Losses Effectively"
      }
    ]
}