{
    "title": "Games: Complete Guide",
    "overview": [
      {
        "heading": "What Are Casino Table Games? A Complete Guide to Rules, Odds & Best Picks",
        "data": "Casino table games are a timeless and strategic form of gambling, offering more control, higher engagement, and better odds than games based solely on chance. Unlike spinning a slot reel and hoping for a match, table games allow players to make informed decisions, use strategies, and enjoy higher win potential — especially at real-money online casinos."
      },{
        "heading": "🎲 What Are Casino Table Games?",
        "data": "Casino table games are classic gambling experiences involving cards, dice, or wheels — where players compete against each other or the house. They typically require a blend of luck and strategy. From the thrill of rolling dice in craps to the tension of the next blackjack hand, table games are the heartbeat of any real or online casino.\nWhether you're a beginner or a seasoned gambler, understanding game rules and odds can give you an edge and enhance your experience."
      },{
        "heading": "🔝 Most Popular Casino Table Games",
        "data": "🃏 Baccarat\nA high-stakes favourite in both James Bond films and modern casinos, Baccarat is deceptively simple. Players bet on the \"Player,\" \"Banker,\" or \"Tie.\" Closest to a total of 9 wins. Cards 2-9 retain their values, Aces count as 1, and 10s/face cards are 0.\n✔ Easy to learn\n✔ Low house edge\n✔ Great for beginners & high rollers\n🎲 Craps\nCraps is the loudest, most energetic game in a physical casino. Bets are made on the outcome of rolling two dice. There are dozens of betting combinations, but you can start with simple \"Pass Line\" and \"Don't Pass\" bets.\n✔ Fast-paced & social\n✔ Complex but rewarding\n✔ Low house edge on smart bets\n♠️ Three-Card Poker\nA simplified, quicker version of traditional poker. You only play against the dealer. After receiving your three cards, you decide to play or fold. With decent odds and a focus on quick decisions, it's ideal for poker newcomers.\n✔ Quick rounds\n✔ Strategy matters\n✔ Great for fast gameplay\n🎡 American Roulette\nPlayers bet on where a spinning ball will land on a numbered wheel. American Roulette includes both 0 and 00, which gives the house a slightly higher edge than European Roulette.\n✔ Easy to understand\n✔ Many betting options\n✔ High excitement factor\n♣️ Blackjack\nOne of the most skill-based table games. Get as close to 21 as possible without going over, while beating the dealer's hand. Strategic choices (e.g., hit, stand, double down, split) heavily impact your outcome.\n✔ Among the best odds (0.5% house edge)\n✔ Lots of strategies to master\n✔ Multiple variants online\n🀄 Pai Gow Poker\nAn American version of a Chinese domino game. Played with 52 cards + 1 joker, the goal is to form two hands — a five-card hand and a two-card hand — both of which must beat the dealer's.\n✔ Slower pace\n✔ Low-risk, low-volatility\n✔ Great for strategic thinkers\n🎴 Sic Bo\nA fast dice game of Asian origin. Players bet on combinations and outcomes of three rolled dice. While the rules are easy, the sheer number of bet types creates endless excitement.\n✔ Pure luck-based\n✔ Many betting options\n✔ Often featured in live casinos"
      },{
        "heading": "󰳕 Choosing the Best Table Game Casino",
        "data": "When picking the best casino to enjoy table games online, consider:\n● 🔐 Licensing: Stick to casinos regulated by UKGC, MGA, or similar\n● 🎮 Game Selection: Does the casino offer the table games you want?\n● 💳 Banking Options: Fast deposits & withdrawals, various payment methods\n● 💰 Bonuses: Choose fair T&Cs with realistic wagering\n● 💻 Device Compatibility: Works on mobile, tablet, and desktop\n● 🧪 Game Fairness: RNG tested by eCOGRA, iTech Labs, etc."
      },{
        "heading": "🏦 Top Casino Payment Methods",
        "data": "● 💳 Cards: Visa, Mastercard, Amex\n● 💼 E-wallets: PayPal, Skrill, Neteller, ecoPayz\n● 💰 Banking: Bank Transfer, eCheck, iDeal\n● 💱 Crypto: Bitcoin, Ethereum, Litecoin (select casinos)\n🔄 Check deposit/withdrawal limits before funding your account."
      },{
        "heading": "📱 Multi-Device Support",
        "data": "Modern online casinos are designed for seamless access across:\n● iOS & Android smartphones\n● Tablets (iPad, Galaxy Tab, etc.)\n● Windows/macOS computers\nNo matter where you are, your favourite table game is always in your pocket."
      },{
        "heading": "🎮 Best Casino Table Game Software Providers",
        "data": "Look for casinos powered by reputable game developers to ensure smooth play, fairness, and rich graphics:\n● 🎰 NetEnt\n● 🧠 Playtech\n● 🎯 Microgaming\n● 🃏 Evolution Gaming (best live dealer experiences)\n● 💎 IGT\n● 🛡 Betsoft\n● 🐅 Red Tiger\n● 🕹 Play'n GO"
      }
    ]
}